fresher_wave_bill_id,invoice_date,vendor_raw,invoice_number,vendor_category,total_amount,tax_amount,net_amount,source_row
1,2023-06-01,Town of Amherst - Bill,,RENT,805.00,105.00,700.00,2
2,2023-06-06,Mondoux - Bill 8100248,8100248,MONDOUX,452.25,56.31,395.94,3
3,2023-06-07,Pharmasave - Bill ,,PHARMASAVE,21.08,0.00,21.08,4
4,2023-06-07,Gov't of Nova Scotia - Bill 5932,5932,GOV_NS,222.59,0.00,222.59,5
5,2023-06-08,GFS - Bill 9002081541,9002081541,GFS,265.68,7.92,257.76,6
7,2023-06-16,GFS - Bill 9002186430,9002186430,GFS,140.04,0.00,140.04,8
8,2023-06-16,GFS - Bill 9002189920,9002189920,GFS,102.50,0.00,102.50,9
9,2023-06-16,Pharmasave - Bill ,,PHARMASAVE,5.74,0.75,4.99,10
10,2023-06-29,JE Hastings Limited - Bill 107559,107559,HASTINGS,794.88,103.68,691.20,11
11,2023-06-29,Capital Foods - Bill 2506676,2506676,CAPITAL,1200.80,155.83,1044.97,12
12,2023-06-30,Pharmasave - Bill ,,PHARMASAVE,38.19,1.95,36.24,13
716,2023-06-30,CIBC - Bill June Fees,CIBC-FEES-2023-06,BANK_FEE,9.47,0.00,9.47,
736,2023-06-30,CIBC - Cash Deposit Fee,DEPOSIT-FEE-001,BANK_FEE,0.22,0.00,0.22,
13,2023-07-01,Town of Amherst - Bill,,RENT,402.50,52.50,350.00,14
14,2023-07-08,Pharmasave - Bill ,,PHARMASAVE,33.19,4.33,28.86,15
15,2023-07-23,Costco - Bill 22134501302122307231334,22134501302122307231334,COSTCO,994.88,119.21,875.67,16
16,2023-07-27,Walmart - Bill ,,WALMART,76.27,8.70,67.57,17
17,2023-07-31,Amazon - Bill ,,AMAZON,26.44,3.45,22.99,18
18,2023-07-31,CIBC - Bill july fees,,BANK_FEE,14.25,0.00,14.25,19
19,2023-08-01,Town of Amherst - Bill,,RENT,402.50,52.50,350.00,20
20,2023-08-08,Walmart - Bill 6870208,6870208,WALMART,43.70,5.70,38.00,21
21,2023-08-09,Walmart - Bill ,,WALMART,8.59,1.12,7.47,22
22,2023-08-09,Walmart - Bill ,,WALMART,8.59,1.12,7.47,23
23,2023-08-11,Costco - Bill 22134501201752308111243,22134501201752308111243,COSTCO,582.38,56.30,526.08,24
24,2023-08-11,GFS - Bill 9002912093,9002912093,GFS,1157.64,100.04,1057.60,25
25,2023-08-11,GFS - Bill 9002908697,9002908697,GFS,123.91,16.16,107.75,26
26,2023-08-11,Wholesale Club - Bill ,,WHOLESALE_CLUB,643.68,68.01,575.67,27
27,2023-08-12,Pharmasave - Bill ,,PHARMASAVE,21.69,0.00,21.69,28
717,2023-08-14,Walmart - Bill,STUB-WALMART-COGS-20230814,WALMART,34.47,0.00,34.47,
718,2023-08-14,Dollarama - Bill,STUB-DOLLARAMA-COGS-20230814,DOLLARAMA,50.14,0.00,50.14,
28,2023-08-15,Pharmasave - Bill ,,PHARMASAVE,24.51,1.05,23.46,29
29,2023-08-21,Costco - Bill 22134501000312308211156,22134501000312308211156,COSTCO,1129.51,132.54,996.97,30
30,2023-08-30,Amazon - Bill ,,AMAZON,19.54,2.55,16.99,31
31,2023-08-31,CIBC - Bill August Fees,,BANK_FEE,11.00,0.00,11.00,32
32,2023-09-01,Acandian Printing - Bill ,,OTHER,51.75,6.75,45.00,33
33,2023-09-01,Walmart - Bill ,,WALMART,25.61,1.95,23.66,34
34,2023-09-01,Town of Amherst - Bill ,,RENT,862.50,112.50,750.00,35
35,2023-09-01,Wholesale Club - Bill ,,WHOLESALE_CLUB,1942.91,219.15,1723.76,36
36,2023-09-01,GFS - Bill 9003246118,9003246118,GFS,363.18,0.00,363.18,37
37,2023-09-02,Amazon - Bill ,,AMAZON,29.95,3.91,26.04,38
38,2023-09-02,Amazon - Bill ,,AMAZON,29.95,3.91,26.04,39
39,2023-09-03,Wholesale Club - Bill ,,WHOLESALE_CLUB,303.97,13.83,290.14,40
722,2023-09-05,Walmart - Bill,STUB-WALMART-REIMBURSE-20230905,WALMART,76.27,0.00,76.27,
40,2023-09-07,Pharmasave - Bill ,,PHARMASAVE,17.34,0.00,17.34,41
41,2023-09-07,Costco - Bill ,,COSTCO,92.54,12.07,80.47,42
42,2023-09-07,Capital Foods - Bill 2520102,2520102,CAPITAL,1037.45,100.47,936.98,43
43,2023-09-07,GFS - Bill 9003327039,9003327039,GFS,1046.34,2.85,1043.49,44
44,2023-09-08,Pharmasave - Bill ,,PHARMASAVE,26.07,0.00,26.07,45
45,2023-09-08,Costco - Bill 22134501101702309081257,22134501101702309081257,COSTCO,1523.52,148.39,1375.13,46
46,2023-09-08,Dollarama - Bill ,,DOLLARAMA,137.90,17.97,119.93,47
47,2023-09-09,Atlantic Superstore - Bill ,,OTHER,107.40,12.44,94.96,48
48,2023-09-11,GFS - Bill 9003386079,9003386079,GFS,244.57,5.79,238.78,49
49,2023-09-12,Canadian Tire Gas - Bill ,,OTHER,70.10,9.14,60.96,50
50,2023-09-12,Canadian Tire Gas - Bill ,,OTHER,70.10,9.14,60.96,51
51,2023-09-14,Irving - Bill ,,OTHER,58.76,7.66,51.10,52
52,2023-09-15,Atlantic Superstore - Bill ,,OTHER,76.84,9.24,67.60,53
54,2023-09-15,Pharmasave - Bill ,,PHARMASAVE,28.31,1.00,27.31,55
55,2023-09-15,GFS - Bill 9003462485,9003462485,GFS,273.23,8.94,264.29,56
56,2023-09-15,GFS - Bill 9003468379,9003468379,GFS,808.76,0.00,808.76,57
57,2023-09-17,Pharmasave - Bill ,,PHARMASAVE,6.13,0.80,5.33,58
58,2023-09-18,Pharmasave - Bill ,,PHARMASAVE,84.37,8.27,76.10,59
59,2023-09-18,Covered Bridge - Bill ,,COVERED_BRIDGE,378.56,49.14,329.42,60
60,2023-09-18,Amazon - Bill ,,AMAZON,25.32,3.30,22.02,61
61,2023-09-21,Costco - Bill 22134501302212309211505,22134501302212309211505,COSTCO,2346.93,246.03,2100.90,62
62,2023-09-21,GFS - Bill 9003558293,9003558293,GFS,973.96,23.38,950.58,63
63,2023-09-21,GFS - Bill 9003552766,9003552766,GFS,66.77,2.85,63.92,64
64,2023-09-23,Pharmasave - Bill ,,PHARMASAVE,9.88,0.00,9.88,65
65,2023-09-24,Dollarama - Bill ,,DOLLARAMA,538.75,70.27,468.48,66
66,2023-09-24,Walmart - Bill ,,WALMART,40.18,5.24,34.94,67
67,2023-09-24,Walmart - Bill ,,WALMART,104.10,11.70,92.40,68
68,2023-09-25,Dollarama - Bill ,,DOLLARAMA,56.35,7.35,49.00,69
69,2023-09-25,Canadian Tire - Bill ,,OTHER,37.71,4.92,32.79,70
70,2023-09-26,Mondoux - Bill 8100361,8100361,MONDOUX,867.05,104.42,762.63,71
71,2023-09-27,Costco - Bill 22134501202012309271442,22134501202012309271442,COSTCO,1215.36,92.61,1122.75,72
72,2023-09-28,Capital Foods - Bill 2523999,2523999,CAPITAL,1096.56,70.50,1026.06,73
73,2023-09-28,GFS - Bill 9003665333,9003665333,GFS,605.03,7.41,597.62,74
737,2023-09-29,CIBC - Cash Deposit Fee,DEPOSIT-FEE-002,BANK_FEE,11.25,0.00,11.25,
709,2023-09-30,CIBC - Bill September Fees,CIBC-FEES-2023-09,BANK_FEE,79.25,0.00,79.25,
74,2023-10-01,Town of Amherst - Bill ,,RENT,862.50,112.50,750.00,75
75,2023-10-01,Atlantic Superstore - Bill ,,OTHER,104.03,11.69,92.34,76
76,2023-10-03,Amazon - Bill ,,AMAZON,19.54,2.55,16.99,77
77,2023-10-04,Pharmasave - Bill ,,PHARMASAVE,29.96,3.91,26.05,78
78,2023-10-04,Amazon - Bill ,,AMAZON,76.38,3.06,73.32,79
79,2023-10-05,GFS - Bill 9003775625,9003775625,GFS,998.48,41.60,956.88,80
80,2023-10-06,Costco - Bill 22055101203462310061725,22055101203462310061725,COSTCO,851.32,80.25,771.07,81
81,2023-10-06,Atlantic Superstore - Bill ,,OTHER,101.93,7.20,94.73,82
82,2023-10-09,Atlantic Superstore - Bill ,,OTHER,101.96,7.20,94.76,83
83,2023-10-09,Pharmasave - Bill ,,PHARMASAVE,82.49,1.95,80.54,84
84,2023-10-09,Pharmasave - Bill ,,PHARMASAVE,82.49,1.95,80.54,85
85,2023-10-10,Pharmasave - Bill ,,PHARMASAVE,10.24,1.34,8.90,86
719,2023-10-11,GFS - Bill,STUB-GFS-CASH-COGS-20231011,GFS,400.00,0.00,400.00,
86,2023-10-12,Capital Foods - Bill 2526446,2526446,CAPITAL,1040.85,135.76,905.09,87
87,2023-10-12,GFS - Bill 9003882687,9003882687,GFS,858.31,23.44,834.87,88
768,2023-10-12,GFS Damaged - Oil/Chicken/Cheese Curds (COGS),STUB-GFS-DAMAGED-20231012,GFS,862.50,0.00,862.50,
88,2023-10-13,Atlantic Superstore - Bill ,,OTHER,224.07,25.94,198.13,89
89,2023-10-14,Pharmasave - Bill ,,PHARMASAVE,62.54,0.92,61.62,90
90,2023-10-14,Pharmasave - Bill ,,PHARMASAVE,62.54,0.92,61.62,91
91,2023-10-15,Pharmasave - Bill ,,PHARMASAVE,48.27,2.93,45.34,92
92,2023-10-16,Walmart - Bill ,,WALMART,236.73,29.55,207.18,93
94,2023-10-17,Amazon - Bill,,AMAZON,167.85,1.95,165.90,95
95,2023-10-18,Pharmasave - Bill ,,PHARMASAVE,12.93,0.00,12.93,96
96,2023-10-19,GFS - Bill 9003993508,9003993508,GFS,834.81,2.67,832.14,97
97,2023-10-20,Pharmasave - Bill ,,PHARMASAVE,52.16,3.03,49.13,98
98,2023-10-21,Amazon - Bill ,,AMAZON,34.49,4.50,29.99,99
99,2023-10-21,Costco - Bill ,,COSTCO,62.54,8.16,54.38,100
100,2023-10-21,Costco - Bill 22134501402602310211624,22134501402602310211624,COSTCO,1371.82,116.57,1255.25,101
746,2023-10-23,Walmart - Duplicate Reimbursement,WALMART-DUP-001,WALMART,104.10,0.00,104.10,
747,2023-10-23,Dollarama - Duplicate Reimbursement,DOLLARAMA-DUP-001,DOLLARAMA,538.75,0.00,538.75,
101,2023-10-24,C.E. Harrison Home Hardware - Bill ,,OTHER,33.66,4.39,29.27,102
102,2023-10-24,C.E. Harrison Home Hardware - Bill ,,OTHER,14.32,1.87,12.45,103
103,2023-10-24,C.E. Harrison Home Hardware - Bill ,,OTHER,27.53,3.59,23.94,104
104,2023-10-24,Mondoux - Bill 8100383,8100383,MONDOUX,409.19,53.37,355.82,105
105,2023-10-25,GFS - Bill 9004092329,9004092329,GFS,48.59,6.34,42.25,106
106,2023-10-25,Black Cat Importers - Bill 19963,19963,OTHER,631.81,82.49,549.32,107
107,2023-10-26,GFS - Bill 9004106655,9004106655,GFS,859.57,5.92,853.65,108
108,2023-10-27,Costco - Bill 22134501301362310271311,22134501301362310271311,COSTCO,1977.98,210.85,1767.13,109
109,2023-10-27,GFS - Bill 9004135560,9004135560,GFS,430.27,16.63,413.64,110
748,2023-10-28,Dollarama - Bill,DOLLARAMA-1028,DOLLARAMA,88.80,0.00,88.80,
110,2023-10-31,Exotics Wholesale - Bill EW2762,,OTHER,2481.19,323.63,2157.56,111
111,2023-11-01,Town of Amherst - Bill ,,RENT,862.50,112.50,750.00,112
112,2023-11-01,Amazon - Bill ,,AMAZON,22.99,3.00,19.99,113
113,2023-11-02,Costco - Bill 22134500804842311022002,22134500804842311022002,COSTCO,1366.17,143.43,1222.74,114
114,2023-11-02,Costco - Bill 22134519400272311021858,22134519400272311021858,COSTCO,138.00,18.00,120.00,115
115,2023-11-02,GFS - Bill 9004259902,9004259902,GFS,880.92,2.67,878.25,116
116,2023-11-03,GFS - Bill 9004309092,9004309092,GFS,144.95,18.91,126.04,117
117,2023-11-03,GFS - Bill 9004290341,9004290341,GFS,420.85,16.63,404.22,118
118,2023-11-03,Dollarama - Bill 161.21,161,DOLLARAMA,185.39,24.18,161.21,119
119,2023-11-03,Atlantic Superstore - Bill ,,OTHER,76.01,5.85,70.16,120
120,2023-11-04,Atlantic Superstore - Bill ,,OTHER,110.92,12.75,98.17,121
749,2023-11-06,Jeff Bembridge - Sauces,BEMBRIDGE-SAUCES-001,OTHER,20.00,0.00,20.00,
121,2023-11-07,Curly's Sports and Supplements - Bill D17,,OTHER,1232.51,160.76,1071.75,122
122,2023-11-08,GFS - Bill 9004423490,9004423490,GFS,559.60,6.75,552.85,123
123,2023-11-08,Amherst Country Store - Bill ,,AMHERST_COUNTRY_STORE,57.49,7.50,49.99,124
124,2023-11-10,Costco - Bill 22134501203702311101654,22134501203702311101654,COSTCO,1659.22,169.90,1489.32,125
125,2023-11-15,Mondoux - Bill ,,MONDOUX,331.35,43.22,288.13,126
126,2023-11-16,GFS - Bill 9005534423,9005534423,GFS,2000.00,0.00,2000.00,127
127,2023-11-16,GFS - Bill 9004638160,9004638160,GFS,966.45,25.33,941.12,128
750,2023-11-16,Curly's Sports and Supplements - Bill 1994069,1994069,OTHER,1171.02,152.74,1018.28,
751,2023-11-16,Curly's Sports and Supplements - Order 1996469,1996469,OTHER,1437.22,0.00,1437.22,
128,2023-11-17,Costco - Bill 22134500703462311171643,22134500703462311171643,COSTCO,2129.38,208.11,1921.27,129
129,2023-11-17,GFS - Bill 9004686201,9004686201,GFS,253.54,0.00,253.54,130
130,2023-11-17,Costco - Bill ,,COSTCO,102.30,13.34,88.96,131
752,2023-11-17,Dollarama - Bill,DOLLARAMA-1117,DOLLARAMA,116.87,0.00,116.87,
131,2023-11-20,Capital Foods - Bill 2530298,2530298,CAPITAL,929.00,0.00,929.00,132
132,2023-11-24,GFS - Bill 9004838078,9004838078,GFS,627.55,11.84,615.71,133
133,2023-11-25,Canada Mats - Bill ,,OTHER,142.49,14.99,127.50,134
134,2023-11-28,Amazon - Bill ,,AMAZON,158.99,0.00,158.99,135
135,2023-11-30,Amazon - Bill ,,AMAZON,11.48,1.50,9.98,136
136,2023-12-01,Town of Amherst - Bill ,,RENT,862.50,112.50,750.00,137
137,2023-12-01,GFS - Bill 9005011016,9005011016,GFS,452.54,6.40,446.14,138
138,2023-12-03,Costco - Bill 22134500801272312031227,22134500801272312031227,COSTCO,1194.88,89.49,1105.39,139
139,2023-12-04,Gov't of Nova Scotia - Bill TR1004676,,GOV_NS,274.10,0.00,274.10,140
140,2023-12-05,Pharmasave - Bill ,,PHARMASAVE,36.08,4.71,31.37,141
710,2023-12-06,Fuel - Triangle,FUEL-TRIANGLE-20231206,OTHER,120.72,0.00,120.72,
141,2023-12-07,GFS - Bill 9005163888,9005163888,GFS,936.92,3.45,933.47,142
142,2023-12-08,GFS - Bill 9005216555,9005216555,GFS,464.53,0.00,464.53,143
143,2023-12-08,Costco - Bill 22134500703182312081530,22134500703182312081530,COSTCO,1212.36,130.02,1082.34,144
144,2023-12-11,Capital Foods - Bill 2536709,2536709,CAPITAL,917.33,16.32,901.01,145
145,2023-12-11,Mondoux - Bill ,,MONDOUX,426.35,47.58,378.77,146
146,2023-12-12,GFS - Bill 9005299395,9005299395,GFS,630.72,16.63,614.09,147
745,2023-12-12,Hockey Sponsorship - Tim Rich,HOCKEY-DONATION-2023,OTHER,200.00,0.00,200.00,
147,2023-12-14,GFS - Bill 9005357713,9005357713,GFS,1557.01,52.08,1504.93,148
707,2023-12-18,GFS Credit Memo 9005357713,9005357713-CR,GFS,-680.34,0.00,-680.34,
148,2023-12-19,GFS - Bill 9005510560,9005510560,GFS,475.83,30.74,445.09,149
711,2023-12-28,Fuel - Triangle,FUEL-TRIANGLE-20231228,OTHER,120.72,0.00,120.72,
150,2023-12-29,GFS - Bill 9005693526,9005693526,GFS,409.34,0.00,409.34,151
151,2023-12-31,Shopify - Bill canteen order screen,,OTHER,128.18,16.19,111.99,152
152,2023-12-31,CIBC - Bill ,,BANK_FEE,195.00,0.00,195.00,153
153,2024-01-04,Ali Express - Bill ,,OTHER,31.69,0.00,31.69,154
154,2024-01-04,Ali Express - Bill ,,OTHER,10.17,0.00,10.17,155
155,2024-01-04,Ali Express - Bill ,,OTHER,20.05,0.00,20.05,156
156,2024-01-04,Ali Express - Bill ,,OTHER,8.20,0.00,8.20,157
753,2024-01-04,The Keg - Staff Party,KEG-STAFF-PARTY,OTHER,213.90,0.00,213.90,
157,2024-01-05,Pharmasave - Bill ,,PHARMASAVE,74.14,4.68,69.46,158
158,2024-01-05,Dollarama - Bill ,,DOLLARAMA,312.40,40.75,271.65,159
159,2024-01-05,GFS - Bill 9005827880,9005827880,GFS,683.71,0.00,683.71,160
160,2024-01-05,Atlantic Superstore - Bill ,,OTHER,288.65,37.65,251.00,161
161,2024-01-06,Costco - Bill ,,COSTCO,1996.38,189.03,1807.35,162
162,2024-01-06,Pharmasave - Bill ,,PHARMASAVE,38.42,0.00,38.42,163
163,2024-01-07,Atlantic Superstore - Bill ,,OTHER,63.75,1.80,61.95,164
164,2024-01-08,GFS - Bill 9005873404,9005873404,GFS,977.09,3.45,973.64,165
165,2024-01-09,Curly's Sports and Supplements - Bill 2220169,2220169,OTHER,276.00,36.00,240.00,166
166,2024-01-14,GFS - Bill 9005546522,9005546522,GFS,400.00,0.00,400.00,167
167,2024-01-14,Pharmasave - Bill ,,PHARMASAVE,7.38,0.00,7.38,168
168,2024-01-16,Amazon - Bill ,,AMAZON,39.99,11.08,28.91,169
169,2024-01-16,Amazon - Bill ,,AMAZON,84.97,0.00,84.97,170
170,2024-01-18,Walmart - Bill ,,WALMART,48.23,6.29,41.94,171
171,2024-01-18,GFS - Bill 9006132497,9006132497,GFS,601.56,11.84,589.72,172
172,2024-01-19,Costco - Bill 22134500602282401191441,22134500602282401191441,COSTCO,1521.97,165.09,1356.88,173
173,2024-01-20,Pharmasave - Bill ,,PHARMASAVE,54.49,7.11,47.38,174
174,2024-01-20,Pharmasave - Bill ,,PHARMASAVE,7.38,0.00,7.38,175
175,2024-01-20,Pharmasave - Bill ,,PHARMASAVE,28.92,0.00,28.92,176
176,2024-01-22,Capital Foods - Bill 2542814,2542814,CAPITAL,938.90,61.44,877.46,177
744,2024-01-22,BFL Insurance - Bill 2024,BFL-2024,INSURANCE,1851.00,0.00,1851.00,
177,2024-01-23,Dollarama - Bill ,,DOLLARAMA,11.79,1.54,10.25,178
178,2024-01-24,Digital Inspiration - Bill ,,OTHER,140.38,0.00,140.38,179
179,2024-01-24,Costco - Bill ,,COSTCO,1489.80,146.03,1343.77,180
180,2024-01-25,Pharmasave - Bill ,,PHARMASAVE,11.07,0.00,11.07,181
181,2024-01-25,Pharmasave - Bill ,,PHARMASAVE,25.88,0.00,25.88,182
182,2024-01-25,GFS - Bill 9006298062,9006298062,GFS,877.39,16.63,860.76,183
183,2024-01-27,My Commerce - Bill ,,OTHER,67.80,8.84,58.96,184
184,2024-01-27,Circle K - Bill ,,OTHER,30.13,3.93,26.20,185
185,2024-01-27,Bimbo Canada - Bill ,,OTHER,83.84,10.94,72.90,186
186,2024-01-27,Atlantic Superstore - Bill ,,OTHER,53.52,4.95,48.57,187
769,2024-01-29,Facebook Marketplace - Hot Water Heater,FB-HOTWATER-HEATER-20240129,OTHER,40.00,0.00,40.00,
187,2024-01-31,Town of Amherst - Bill January Rent,,RENT,862.50,112.50,750.00,188
188,2024-02-01,GFS - Bill 9006467889,9006467889,GFS,933.05,30.74,902.31,189
189,2024-02-01,Costco - Bill ,,COSTCO,1873.93,176.78,1697.15,190
190,2024-02-01,Esso - Bill ,,OTHER,40.01,5.22,34.79,191
191,2024-02-01,Town of Amherst - Bill FEbruary REnt,,RENT,862.50,112.50,750.00,192
192,2024-02-03,Pharmasave - Bill ,,PHARMASAVE,82.03,2.74,79.29,193
193,2024-02-07,GFS - Bill 9006623852,9006623852,GFS,467.12,0.00,467.12,194
194,2024-02-07,Dollarama - Bill ,,DOLLARAMA,205.93,26.86,179.07,195
195,2024-02-07,GFS - Bill ,,GFS,200.00,0.00,200.00,196
196,2024-02-08,Canadian Tire Gas - Bill ,,OTHER,57.43,7.49,49.94,197
197,2024-02-09,Atlantic Superstore - Bill ,,OTHER,249.71,23.32,226.39,198
198,2024-02-09,GFS - Bill 9006683806,9006683806,GFS,103.43,0.00,103.43,199
199,2024-02-10,Pharmasave - Bill ,,PHARMASAVE,41.40,1.16,40.24,200
200,2024-02-10,Atlantic Superstore - Bill ,,OTHER,36.19,1.03,35.16,201
201,2024-02-11,Gov't of Nova Scotia - Bill TR1111807,,GOV_NS,61.05,7.96,53.09,202
202,2024-02-11,Pharmasave - Bill ,,PHARMASAVE,13.00,0.73,12.27,203
203,2024-02-11,Walmart - Bill ,,WALMART,11.47,1.50,9.97,204
204,2024-02-12,GFS - Bill 9006727793,9006727793,GFS,1071.90,23.08,1048.82,205
205,2024-02-14,Circle K - Bill ,,OTHER,133.35,17.39,115.96,206
206,2024-02-15,Wholesale Club - Bill ,,WHOLESALE_CLUB,961.43,86.20,875.23,207
207,2024-02-15,Jeff Bembridge - Bill ,,OTHER,20.00,0.00,20.00,208
208,2024-02-15,IFoodEquipment - Bill ,,OTHER,105.54,13.77,91.77,209
209,2024-02-15,Cafe Archibald - Bill,,OTHER,52.92,5.85,47.07,210
210,2024-02-15,Costco - Bill ,,COSTCO,2249.31,216.49,2032.82,211
211,2024-02-16,Atlantic Superstore - Bill ,,OTHER,59.96,0.00,59.96,212
212,2024-02-16,Pharmasave - Bill ,,PHARMASAVE,23.70,0.00,23.70,213
213,2024-02-17,Pharmasave - Bill ,,PHARMASAVE,166.63,13.30,153.33,214
214,2024-02-17,Dollarama - Bill ,,DOLLARAMA,360.76,47.06,313.70,215
215,2024-02-17,Pharmasave - Bill ,,PHARMASAVE,50.61,0.00,50.61,216
216,2024-02-18,GFS - Bill 9006903744,9006903744,GFS,1357.81,49.90,1307.91,217
217,2024-02-18,Christmas Discounters - Bill ,,OTHER,119.82,15.63,104.19,218
218,2024-02-18,Atlantic Superstore - Bill ,,OTHER,381.01,44.69,336.32,219
219,2024-02-19,Pharmasave - Bill ,,PHARMASAVE,51.30,1.74,49.56,220
220,2024-02-19,GFS - Bill 9006903547,9006903547,GFS,215.88,0.00,215.88,221
221,2024-02-20,Electric Kitty - Bill ,,OTHER,1100.00,0.00,1100.00,222
222,2024-02-22,GFS - Bill 9007010687,9007010687,GFS,350.19,22.87,327.32,223
223,2024-02-22,Curly's Sports and Supplements - Bill 2365969,2365969,OTHER,229.42,29.92,199.50,224
754,2024-02-22,John Manley - Plastic Forks,MANLEY-FORKS,OTHER,20.69,0.00,20.69,
224,2024-02-23,GFS - Bill 9007044619,9007044619,GFS,59.49,0.00,59.49,225
225,2024-02-24,Shell Gas - Bill ,,OTHER,135.76,17.71,118.05,226
226,2024-02-24,Atlantic Superstore - Bill ,,OTHER,98.97,0.00,98.97,227
227,2024-02-24,Pharmasave - Bill ,,PHARMASAVE,47.96,3.65,44.31,228
228,2024-02-24,Christmas Discounters - Bill ,,OTHER,29.95,0.00,29.95,229
229,2024-02-25,Christmas Discounters - Bill ,,OTHER,59.88,0.00,59.88,230
230,2024-02-26,Ali Express - Bill ,,OTHER,51.16,0.00,51.16,231
755,2024-02-26,Capital Foods - Bill 2548372,2548372,CAPITAL,894.36,46.24,848.12,
231,2024-02-27,Costco - Bill ,,COSTCO,1665.98,150.09,1515.89,232
232,2024-02-27,We Like Work - Bill ,,OTHER,307.50,40.11,267.39,233
759,2024-02-29,Pepsico - Bill (AUTO PAD BT1211),PEPSI-PAD-BT1211,PEPSI,1581.67,0.00,1581.67,
233,2024-03-01,GFS - Bill 9007262291,9007262291,GFS,843.78,7.73,836.05,234
234,2024-03-01,Pharmasave - Bill ,,PHARMASAVE,43.52,0.98,42.54,235
235,2024-03-01,Town of Amherst - Bill March Rent,,RENT,862.50,112.50,750.00,236
236,2024-03-02,Pharmasave - Bill ,,PHARMASAVE,12.07,0.00,12.07,237
237,2024-03-03,Costco - Bill ,,COSTCO,804.99,105.00,699.99,238
238,2024-03-04,Pharmasave - Bill ,,PHARMASAVE,21.30,2.78,18.52,239
239,2024-03-05,Capital Foods - Bill 2549756,2549756,CAPITAL,269.13,28.83,240.30,240
240,2024-03-05,Costco - Bill ,,COSTCO,298.89,38.99,259.90,241
241,2024-03-05,Shell Gas - Bill ,,OTHER,89.54,11.68,77.86,242
242,2024-03-05,Costco - Bill ,,COSTCO,1238.76,108.88,1129.88,243
712,2024-03-06,Costco - Receipt,COSTCO-RECEIPT-20240306,COSTCO,150.72,0.00,150.72,
243,2024-03-07,GFS - Bill 9007456012,9007456012,GFS,879.30,3.30,876.00,244
244,2024-03-07,Dollarama - Bill ,,DOLLARAMA,807.55,105.31,702.24,245
245,2024-03-08,GFS - Bill 9007510570,9007510570,GFS,50.57,0.00,50.57,246
246,2024-03-08,Pharmasave - Bill ,,PHARMASAVE,31.94,1.56,30.38,247
247,2024-03-09,Pharmasave - Bill ,,PHARMASAVE,55.73,0.05,55.68,248
248,2024-03-09,Pharmasave - Bill ,,PHARMASAVE,21.94,0.00,21.94,249
249,2024-03-11,GFS - Bill 9007568865,9007568865,GFS,623.55,16.64,606.91,250
250,2024-03-12,Curly's Sports and Supplements - Bill 2423469,2423469,OTHER,364.32,47.52,316.80,251
251,2024-03-12,Curly's Sports and Supplements - Bill 2437469,2437469,OTHER,227.70,29.70,198.00,252
252,2024-03-12,Curly's Sports and Supplements - Bill 2425069,2425069,OTHER,172.50,22.50,150.00,253
253,2024-03-13,GFS - Bill 9007669356,9007669356,GFS,645.61,5.92,639.69,254
254,2024-03-13,GFS - Bill 9007713769,9007713769,GFS,280.28,0.00,280.28,255
255,2024-03-13,Costco - Bill ,,COSTCO,1612.59,143.13,1469.46,256
256,2024-03-13,Costco - Bill ,,COSTCO,632.49,82.50,549.99,257
257,2024-03-13,Shell Gas - Bill ,,OTHER,135.50,17.67,117.83,258
258,2024-03-13,Capital Foods - Bill 2550997,2550997,CAPITAL,540.52,32.48,508.04,259
259,2024-03-14,Webstaurant Store - Bill 95629480,95629480,OTHER,80.86,0.00,80.86,260
260,2024-03-14,Home Hardware - Spring Street - Bill ,,OTHER,45.95,5.99,39.96,261
261,2024-03-15,Pharmasave - Bill ,,PHARMASAVE,133.28,4.19,129.09,262
262,2024-03-15,Walmart - Bill ,,WALMART,182.39,18.16,164.23,263
263,2024-03-15,GFS - Bill 9007763983,9007763983,GFS,347.28,0.00,347.28,264
264,2024-03-16,Pharmasave - Bill ,,PHARMASAVE,43.83,0.00,43.83,265
265,2024-03-16,Atlantic Superstore - Bill ,,OTHER,227.43,13.19,214.24,266
266,2024-03-20,GFS - Bill 9007911798,9007911798,GFS,791.12,24.41,766.71,267
267,2024-03-20,Pharmasave - Bill ,,PHARMASAVE,54.21,0.93,53.28,268
268,2024-03-21,Costco - Bill ,,COSTCO,1325.74,99.38,1226.36,269
269,2024-03-21,UPS - Bill ,,OTHER,31.46,2.70,28.76,270
270,2024-03-22,Pharmasave - Bill ,,PHARMASAVE,41.18,0.93,40.25,271
271,2024-03-24,Atlantic Superstore - Bill ,,OTHER,236.56,16.26,220.30,272
272,2024-03-25,Walmart - Bill ,,WALMART,143.62,16.44,127.18,273
273,2024-03-25,Circle K - Bill ,,OTHER,134.75,17.58,117.17,274
274,2024-03-28,GFS - Bill 9008171261,9008171261,GFS,1263.91,5.38,1258.53,275
738,2024-03-28,CIBC - Cash Deposit Fee,DEPOSIT-FEE-003,BANK_FEE,0.58,0.00,0.58,
275,2024-03-31,CIBC - Bill ,,BANK_FEE,195.00,0.00,195.00,276
760,2024-03-31,Pepsico - Bill (AUTO PAD BT1143),PEPSI-PAD-BT1143,PEPSI,1231.85,0.00,1231.85,
276,2024-04-01,Town of Amherst - Bill april rent,,RENT,402.50,52.50,350.00,277
277,2024-04-02,Markis Bus Tours - Bill ,,OTHER,1311.00,171.00,1140.00,278
278,2024-04-02,Capital Foods - Bill 2554160,2554160,CAPITAL,806.12,48.81,757.31,279
279,2024-04-03,Costco - Bill ,,COSTCO,1251.73,151.20,1100.53,280
280,2024-04-03,Costco - Bill,,COSTCO,811.89,0.00,811.89,281
281,2024-04-03,Circle K - Bill,,OTHER,111.41,14.13,97.28,282
282,2024-04-04,Walmart - Bill ,,WALMART,107.35,11.31,96.04,283
283,2024-04-04,Atlantic Superstore - Bill ,,OTHER,19.95,0.00,19.95,284
284,2024-04-04,Pharmasave - Bill ,,PHARMASAVE,50.13,0.00,50.13,285
285,2024-04-04,Walmart - Bill ,,WALMART,203.78,26.58,177.20,286
286,2024-04-08,GFS - Bill 9008498481,9008498481,GFS,1192.53,40.18,1152.35,287
287,2024-04-08,Pharmasave - Bill ,,PHARMASAVE,14.46,0.00,14.46,288
288,2024-04-08,Atlantic Superstore - Bill ,,OTHER,168.62,17.02,151.60,289
289,2024-04-10,Costco - Bill ,,COSTCO,667.47,50.82,616.65,290
290,2024-04-10,Costco - Bill ,,COSTCO,27.43,3.58,23.85,291
291,2024-04-11,GFS - Bill 9008642890,9008642890,GFS,958.99,5.92,953.07,292
292,2024-04-12,Christmas Discounters - Bill ,,OTHER,94.92,11.65,83.27,293
293,2024-04-12,Pharmasave - Bill ,,PHARMASAVE,35.15,3.49,31.66,294
294,2024-04-13,Atlantic Superstore - Bill ,,OTHER,152.60,16.49,136.11,295
295,2024-04-13,Home Hardware - Spring Street - Bill ,,OTHER,29.88,3.90,25.98,296
296,2024-04-14,Shell Gas - Bill ,,OTHER,123.49,16.11,107.38,297
297,2024-04-19,GFS - Bill 9008934047,9008934047,GFS,285.63,5.92,279.71,298
298,2024-04-20,Home Hardware - Spring Street - Bill ,,OTHER,65.49,8.54,56.95,299
299,2024-04-20,Pharmasave - Bill ,,PHARMASAVE,28.92,0.00,28.92,300
300,2024-04-21,Canadian Tire - Bill ,,OTHER,41.37,5.40,35.97,301
301,2024-04-22,Curly's Sports and Supplements - Bill 2576869,2576869,OTHER,484.96,63.26,421.70,302
302,2024-04-23,Gov't of Nova Scotia - Bill ,,GOV_NS,222.59,0.00,222.59,303
727,2024-04-23,Facebook Marketplace - Merchandising,FB-MERCH-001,OTHER,30.00,0.00,30.00,
303,2024-04-24,Atlantic Superstore - Bill ,,OTHER,231.21,21.89,209.32,304
761,2024-04-30,Pepsico - Bill (AUTO PAD BT1106),PEPSI-PAD-BT1106,PEPSI,583.90,0.00,583.90,
304,2024-05-03,GFS - Bill 9009517084,9009517084,GFS,380.89,0.00,380.89,305
305,2024-05-03,GFS - Bill 9009454598,9009454598,GFS,380.89,0.00,380.89,306
306,2024-05-03,Pharmasave - Bill ,,PHARMASAVE,63.28,1.24,62.04,307
307,2024-05-03,Atlantic Superstore - Bill ,,OTHER,209.89,21.83,188.06,308
308,2024-05-04,Pharmasave - Bill ,,PHARMASAVE,19.90,2.22,17.68,309
309,2024-05-06,Canadian Tire - Bill ,,OTHER,20.08,2.62,17.46,310
310,2024-05-07,Atlantic Superstore - Bill ,,OTHER,62.84,0.38,62.46,311
311,2024-05-08,Costco - Bill ,,COSTCO,858.30,48.93,809.37,312
312,2024-05-08,Capital Foods - Bill 2560110,2560110,CAPITAL,179.95,0.00,179.95,313
313,2024-05-09,GFS - Bill 9009641376,9009641376,GFS,891.03,3.30,887.73,314
314,2024-05-13,Bridge Workshop - Bill ,,OTHER,10.00,0.00,10.00,315
315,2024-05-16,Pharmasave - Bill ,,PHARMASAVE,71.11,2.82,68.29,316
316,2024-05-26,Pharmasave - Bill ,,PHARMASAVE,29.64,0.00,29.64,317
318,2024-05-31,Pharmasave - Bill ,,PHARMASAVE,34.81,0.00,34.81,319
319,2024-05-31,Atlantic Superstore - Bill ,,OTHER,213.52,23.84,189.68,320
320,2024-06-06,GFS - Bill 9010616469,9010616469,GFS,50.20,6.55,43.65,321
321,2024-06-10,Relay for Life - Bill ,,OTHER,110.00,0.00,110.00,322
322,2024-06-27,Sysco - Bill ,,SYSCO,155.54,0.00,155.54,323
323,2024-06-30,Town of Amherst - Bill Juen May Rent,,RENT,805.00,105.00,700.00,324
324,2024-07-01,Town of Amherst - Bill July/August Rent,,RENT,805.00,105.00,700.00,325
325,2024-07-10,Pharmasave - Bill ,,PHARMASAVE,29.78,0.00,29.78,326
326,2024-07-30,GFS - Bill 9012388498,9012388498,GFS,192.82,0.00,192.82,327
327,2024-07-30,GFS - Bill 9012419964,9012419964,GFS,43.83,0.00,43.83,328
328,2024-08-02,Sam's Club - Bill ,,OTHER,100.69,0.00,100.69,329
329,2024-08-03,Pharmasave - Bill ,,PHARMASAVE,14.01,0.00,14.01,330
330,2024-08-07,GFS - Bill 9012713784,9012713784,GFS,123.12,16.06,107.06,331
331,2024-08-08,Christmas Discounters - Bill ,,OTHER,135.55,0.00,135.55,332
758,2024-08-08,The Elm Tree - Straws,ELMTREE-STRAWS,OTHER,18.56,0.00,18.56,
332,2024-08-13,Canadian Tire - Bill ,,OTHER,95.38,12.44,82.94,333
333,2024-08-18,Costco - Bill ,,COSTCO,1185.54,131.09,1054.45,334
334,2024-08-19,Amazon - Bill ,,AMAZON,237.89,31.03,206.86,335
335,2024-08-19,Amazon - Bill ,,AMAZON,101.78,13.28,88.50,336
336,2024-08-19,Temu - Bill ,,TEMU,25.29,3.30,21.99,337
337,2024-08-21,Canadian Tire - Bill ,,OTHER,40.53,5.29,35.24,338
338,2024-08-24,Temu - Bill ,,TEMU,14.93,1.95,12.98,339
339,2024-08-27,Capital Foods - Bill 2580163,2580163,CAPITAL,408.02,0.00,408.02,340
340,2024-08-28,Costco - Bill ,,COSTCO,1390.42,110.21,1280.21,341
341,2024-08-28,Shell Gas - Bill ,,OTHER,94.74,12.36,82.38,342
342,2024-08-30,GFS - Bill 9013501649,9013501649,GFS,452.07,0.00,452.07,343
343,2024-08-30,Pharmasave - Bill ,,PHARMASAVE,105.91,7.74,98.17,344
344,2024-08-30,Atlantic Superstore - Bill ,,OTHER,31.23,3.45,27.78,345
345,2024-09-01,Town of Amherst - Bill ,,RENT,880.00,114.78,765.22,346
346,2024-09-02,Amazon - Bill ,,AMAZON,130.54,17.03,113.51,347
347,2024-09-02,Facebook Marketplace - Bill ,,OTHER,115.00,0.00,115.00,348
348,2024-09-02,Yodeck - Bill ,,OTHER,236.21,30.81,205.40,349
349,2024-09-03,Curly's Sports and Supplements - Bill 30000969,30000969,OTHER,430.56,56.16,374.40,350
350,2024-09-03,Atlantic Superstore - Bill ,,OTHER,336.40,33.71,302.69,351
351,2024-09-04,GFS - Bill 9013664381,9013664381,GFS,158.79,3.95,154.84,352
352,2024-09-05,GFS - Bill 9013663225,9013663225,GFS,402.80,6.09,396.71,353
353,2024-09-05,Pharmasave - Bill ,,PHARMASAVE,82.94,0.00,82.94,354
354,2024-09-05,Costco - Bill ,,COSTCO,925.34,73.17,852.17,355
355,2024-09-06,Canadian Tire - Bill ,,OTHER,22.40,2.92,19.48,356
356,2024-09-06,Pharmasave - Bill ,,PHARMASAVE,14.42,0.63,13.79,357
357,2024-09-07,Atlantic Superstore - Bill ,,OTHER,38.45,0.45,38.00,358
358,2024-09-08,GFS - Bill 9013824877,9013824877,GFS,131.52,0.00,131.52,359
359,2024-09-09,Christmas Discounters - Bill ,,OTHER,63.03,7.49,55.54,360
360,2024-09-09,Pharmasave - Bill ,,PHARMASAVE,30.44,3.97,26.47,361
361,2024-09-09,Christmas Discounters - Bill ,,OTHER,159.35,19.48,139.87,362
362,2024-09-09,Shell Gas - Bill ,,OTHER,71.78,9.36,62.42,363
363,2024-09-09,GFS - Bill 9013837326,9013837326,GFS,616.25,0.00,616.25,364
364,2024-09-12,Temu - Bill ,,TEMU,64.16,8.37,55.79,365
365,2024-09-12,Dollarama - Bill ,,DOLLARAMA,321.65,41.30,280.35,366
366,2024-09-13,GFS - Bill 9014036877,9014036877,GFS,157.64,0.00,157.64,367
367,2024-09-14,Pharmasave - Bill ,,PHARMASAVE,20.76,0.00,20.76,368
368,2024-09-14,Atlantic Superstore - Bill ,,OTHER,248.44,27.89,220.55,369
369,2024-09-16,GFS - Bill 9014096231,9014096231,GFS,481.32,25.97,455.35,370
370,2024-09-17,Canadian Tire - Bill ,,OTHER,86.22,11.25,74.97,371
371,2024-09-17,Walmart - Bill ,,WALMART,211.22,27.55,183.67,372
372,2024-09-18,Pharmasave - Bill ,,PHARMASAVE,33.14,0.00,33.14,373
373,2024-09-18,Costco - Bill ,,COSTCO,1742.20,162.33,1579.87,374
374,2024-09-20,Temu - Bill ,,TEMU,23.10,3.01,20.09,375
375,2024-09-20,GFS - Bill 9014294880,9014294880,GFS,663.65,0.00,663.65,376
376,2024-09-20,Dollarama - Bill ,,DOLLARAMA,112.70,14.70,98.00,377
377,2024-09-20,Canadian Tire - Bill ,,OTHER,376.81,49.15,327.66,378
378,2024-09-21,Atlantic Superstore - Bill ,,OTHER,334.42,30.85,303.57,379
379,2024-09-21,Pharmasave - Bill ,,PHARMASAVE,29.32,0.21,29.11,380
380,2024-09-23,Amazon - Bill ,,AMAZON,91.98,12.00,79.98,381
381,2024-09-23,Webstaurant Store - Bill ,,OTHER,968.58,0.00,968.58,382
382,2024-09-23,GFS - Bill 9014383591,9014383591,GFS,519.40,0.00,519.40,383
383,2024-09-24,GFS - Bill 9014406188,9014406188,GFS,90.91,11.86,79.05,384
384,2024-09-25,Wholesale Club - Bill ,,WHOLESALE_CLUB,1114.45,134.54,979.91,385
385,2024-09-25,Circle K - Bill ,,OTHER,113.32,14.78,98.54,386
387,2024-09-25,Costco - Bill ,,COSTCO,1781.97,138.55,1643.42,388
388,2024-09-25,Fedex - Bill Duties,,OTHER,56.33,56.33,0.00,389
389,2024-09-25,Temu - Bill ,,TEMU,11.59,1.51,10.08,390
390,2024-09-25,Temu - Bill ,,TEMU,30.33,3.36,26.97,391
391,2024-09-25,Temu - Bill ,,TEMU,169.35,0.60,168.75,392
392,2024-09-26,Capital Foods - Bill 2585446,2585446,CAPITAL,1290.47,102.60,1187.87,393
393,2024-09-27,GFS - Bill 9014549646,9014549646,GFS,200.20,0.00,200.20,394
394,2024-09-28,Dollarama - Bill ,,DOLLARAMA,339.07,44.23,294.84,395
395,2024-09-29,Atlantic Superstore - Bill ,,OTHER,355.22,34.49,320.73,396
396,2024-09-29,Pharmasave - Bill ,,PHARMASAVE,66.04,0.00,66.04,397
397,2024-09-30,Pharmasave - Bill ,,PHARMASAVE,86.97,7.34,79.63,398
398,2024-09-30,GFS - Bill 9014609851,9014609851,GFS,120.84,0.00,120.84,399
399,2024-09-30,GFS - Bill 9014589017,9014589017,GFS,903.12,6.09,897.03,400
762,2024-09-30,Pepsico - Bill (AUTO PAD BT935),PEPSI-PAD-BT935,PEPSI,775.58,0.00,775.58,
400,2024-10-01,Town of Amherst - Bill ,,RENT,880.00,114.78,765.22,401
401,2024-10-01,IFoodEquipment - Bill ,,OTHER,118.97,15.52,103.45,402
402,2024-10-03,GFS - Bill 9014783184,9014783184,GFS,283.05,12.54,270.51,403
403,2024-10-03,GFS - Bill 9014750800,9014750800,GFS,570.63,0.00,570.63,404
404,2024-10-03,Temu - Bill ,,TEMU,42.86,5.59,37.27,405
405,2024-10-04,Atlantic Superstore - Bill ,,OTHER,275.41,21.21,254.20,406
406,2024-10-05,Wholesale Club - Bill ,,WHOLESALE_CLUB,932.33,101.27,831.06,407
407,2024-10-05,Atlantic Superstore - Bill ,,OTHER,15.76,0.00,15.76,408
408,2024-10-05,Costco - Bill ,,COSTCO,2083.23,138.43,1944.80,409
409,2024-10-05,Pharmasave - Bill ,,PHARMASAVE,45.50,0.00,45.50,410
410,2024-10-06,Pharmasave - Bill ,,PHARMASAVE,152.89,19.94,132.95,411
411,2024-10-07,Shell Gas - Bill ,,OTHER,118.51,15.46,103.05,412
412,2024-10-09,GFS - Bill 9014962246,9014962246,GFS,789.39,0.00,789.39,413
413,2024-10-10,Pharmasave - Bill ,,PHARMASAVE,49.55,0.00,49.55,414
414,2024-10-11,Pharmasave - Bill ,,PHARMASAVE,73.13,0.00,73.13,415
415,2024-10-11,Atlantic Superstore - Bill ,,OTHER,130.41,6.89,123.52,416
416,2024-10-11,Atlantic Superstore - Bill ,,OTHER,531.07,62.23,468.84,417
417,2024-10-11,Curly's Sports and Supplements - Bill 3110269,3110269,OTHER,1462.80,190.80,1272.00,418
418,2024-10-11,GFS - Bill 9015055269,9015055269,GFS,469.51,0.00,469.51,419
419,2024-10-13,Canadian Tire - Bill ,,OTHER,56.89,7.42,49.47,420
420,2024-10-14,GFS - Bill 9015111433,9015111433,GFS,961.58,15.63,945.95,421
421,2024-10-14,Pharmasave - Bill ,,PHARMASAVE,34.33,0.00,34.33,422
422,2024-10-15,Sobeys - Bill ,,OTHER,32.74,4.27,28.47,423
423,2024-10-16,GFS - Bill 9015204709,9015204709,GFS,385.52,0.00,385.52,424
424,2024-10-16,Capital Foods - Bill 2588702,2588702,CAPITAL,336.04,0.00,336.04,425
425,2024-10-16,Costco - Bill ,,COSTCO,504.56,65.81,438.75,426
426,2024-10-16,Costco - Bill ,,COSTCO,1869.09,183.42,1685.67,427
756,2024-10-16,Bridge Workshops - Rags,BRIDGE-RAGS-001,OTHER,40.00,0.00,40.00,
427,2024-10-18,Atlantic Superstore - Bill ,,OTHER,294.71,27.44,267.27,428
428,2024-10-18,Circle K - Bill ,,OTHER,200.00,26.09,173.91,429
429,2024-10-18,GFS - Bill 9015302439,9015302439,GFS,609.57,0.00,609.57,430
430,2024-10-18,Pharmasave - Bill ,,PHARMASAVE,59.24,0.00,59.24,431
431,2024-10-19,Pharmasave - Bill ,,PHARMASAVE,19.43,2.53,16.90,432
432,2024-10-20,Atlantic Superstore - Bill ,,OTHER,322.88,31.19,291.69,433
433,2024-10-22,Temu - Bill ,,TEMU,42.86,5.59,37.27,434
434,2024-10-22,Amazon - Bill ,,AMAZON,126.49,16.50,109.99,435
435,2024-10-22,Amazon - Bill ,,AMAZON,274.78,35.85,238.93,436
720,2024-10-22,GFS Cash - Cheese Curds (COGS) #1,STUB-GFS-CASH-COGS-20241022-1,GFS,500.00,0.00,500.00,
721,2024-10-22,GFS Cash - Cheese Curds (COGS) #2,STUB-GFS-CASH-COGS-20241022-2,GFS,500.00,0.00,500.00,
436,2024-10-23,Costco - Bill ,,COSTCO,1472.83,188.20,1284.63,437
437,2024-10-23,Costco - Bill ,,COSTCO,1323.47,61.02,1262.45,438
732,2024-10-23,GFS Credit Memo 2001780129,2001780129,GFS,-119.84,0.00,-119.84,
438,2024-10-24,GFS - Bill 9015480379,9015480379,GFS,1275.54,0.00,1275.54,439
439,2024-10-24,Walmart - Bill ,,WALMART,11.48,1.50,9.98,440
440,2024-10-24,Amazon - Bill ,,AMAZON,105.90,13.82,92.08,441
441,2024-10-24,Atlantic Superstore - Bill ,,OTHER,78.30,3.60,74.70,442
442,2024-10-24,Curly's Sports and Supplements - Bill ,,OTHER,489.59,63.86,425.73,443
443,2024-10-24,Pharmasave - Bill ,,PHARMASAVE,73.38,2.20,71.18,444
742,2024-10-24,Capital Foods - Bill 2590104,2590104,CAPITAL,935.34,62.51,872.83,
444,2024-10-25,Canadian Tire - Bill ,,OTHER,93.02,12.13,80.89,445
445,2024-10-25,Canadian Tire - Bill ,,OTHER,220.32,28.74,191.58,446
446,2024-10-25,Pharmasave - Bill ,,PHARMASAVE,22.00,2.12,19.88,447
447,2024-10-25,GFS - Bill 9015554603,9015554603,GFS,690.73,0.00,690.73,448
448,2024-10-26,Pharmasave - Bill ,,PHARMASAVE,64.19,2.20,61.99,449
449,2024-10-28,Pharmasave - Bill ,,PHARMASAVE,83.18,6.34,76.84,450
450,2024-10-28,Curly's Sports and Supplements - Bill ,,OTHER,543.93,70.95,472.98,451
451,2024-10-28,Costco - Bill ,,COSTCO,479.32,25.19,454.13,452
757,2024-10-29,Bridge Workshops - Rags,BRIDGE-RAGS-002,OTHER,20.00,0.00,20.00,
452,2024-10-30,Christmas Discounters - Bill ,,OTHER,56.57,7.38,49.19,453
453,2024-10-30,Shell Gas - Bill ,,OTHER,123.38,16.09,107.29,454
454,2024-10-30,Costco - Bill ,,COSTCO,1672.89,110.63,1562.26,455
739,2024-10-31,CIBC - Cash Deposit Fee,DEPOSIT-FEE-004,BANK_FEE,25.13,0.00,25.13,
763,2024-10-31,Pepsico - Bill (AUTO PAD BT816),PEPSI-PAD-BT816,PEPSI,2082.15,0.00,2082.15,
455,2024-11-01,Town of Amherst - Bill ,,RENT,880.00,114.78,765.22,456
456,2024-11-01,Atlantic Superstore - Bill ,,OTHER,32.23,0.45,31.78,457
457,2024-11-01,Pharmasave - Bill ,,PHARMASAVE,46.25,2.10,44.15,458
458,2024-11-01,Atlantic Superstore - Bill ,,OTHER,627.63,64.47,563.16,459
459,2024-11-01,GFS - Bill 9015806844,9015806844,GFS,69.11,0.00,69.11,460
460,2024-11-01,GFS - Bill 9015806407,9015806407,GFS,857.83,14.43,843.40,461
461,2024-11-02,Pharmasave - Bill ,,PHARMASAVE,11.98,0.00,11.98,462
463,2024-11-07,Capital Foods - Bill 2592351,2592351,CAPITAL,1912.17,98.40,1813.77,464
464,2024-11-07,Christmas Discounters - Bill ,,OTHER,62.03,8.09,53.94,465
465,2024-11-07,GFS - Bill 9015983805,9015983805,GFS,1375.72,14.59,1361.13,466
466,2024-11-08,Atlantic Superstore - Bill ,,OTHER,570.59,62.38,508.21,467
467,2024-11-09,Running Man Grocery - Bill ,,OTHER,33.99,0.00,33.99,468
468,2024-11-09,Pharmasave - Bill ,,PHARMASAVE,101.12,0.00,101.12,469
469,2024-11-09,Atlantic Superstore - Bill ,,OTHER,279.08,1.13,277.95,470
470,2024-11-10,Canadian Tire - Bill ,,OTHER,106.26,13.86,92.40,471
471,2024-11-11,GFS - Bill 9016122014,9016122014,GFS,63.97,0.00,63.97,472
472,2024-11-11,GFS - Bill 9016098857,9016098857,GFS,793.74,18.91,774.83,473
713,2024-11-11,Pharmasave - Bill,PHARMASAVE-RECEIPT-20241111,PHARMASAVE,31.44,0.00,31.44,
473,2024-11-12,Shopify - Bill ,,OTHER,550.87,71.87,479.00,474
474,2024-11-12,Pepsico - Bill 79054353,79054353,PEPSI,766.33,92.76,673.57,475
714,2024-11-12,Fuel - Receipt,FUEL-RECEIPT-20241112,OTHER,30.11,0.00,30.11,
475,2024-11-13,Capital Foods - Bill 2593157,2593157,CAPITAL,379.78,28.79,350.99,476
476,2024-11-13,Irving - Bill ,,OTHER,104.98,13.69,91.29,477
477,2024-11-13,Costco - Bill ,,COSTCO,1787.76,110.41,1677.35,478
478,2024-11-13,Wholesale Club - Bill ,,WHOLESALE_CLUB,1090.96,116.80,974.16,479
479,2024-11-14,GFS - Bill 9016230977,9016230977,GFS,926.56,2.85,923.71,480
480,2024-11-15,Freightcom - Bill ,,OTHER,89.84,0.00,89.84,481
481,2024-11-16,Pharmasave - Bill ,,PHARMASAVE,117.73,0.00,117.73,482
482,2024-11-18,Costco - Bill ,,COSTCO,251.76,32.84,218.92,483
483,2024-11-21,UPS - Bill ,,OTHER,62.88,62.88,0.00,484
484,2024-11-21,GFS - Bill 9016490855,9016490855,GFS,993.31,2.85,990.46,485
485,2024-11-22,GFS - Bill 9016564992,9016564992,GFS,200.20,0.00,200.20,486
486,2024-11-22,Costco - Bill ,,COSTCO,654.74,37.15,617.59,487
487,2024-11-22,Walmart - Bill ,,WALMART,12.62,1.65,10.97,488
488,2024-11-22,Costco - Bill ,,COSTCO,24.66,3.22,21.44,489
489,2024-11-22,Esso - Bill ,,OTHER,30.02,3.92,26.10,490
490,2024-11-23,Walmart - Bill ,,WALMART,178.86,15.00,163.86,491
491,2024-11-23,Pharmasave - Bill ,,PHARMASAVE,16.78,0.00,16.78,492
492,2024-11-24,Walmart - Bill ,,WALMART,218.46,21.44,197.02,493
493,2024-11-24,Dollarama - Bill ,,DOLLARAMA,344.85,44.51,300.34,494
494,2024-11-24,Sobeys - Bill ,,OTHER,24.76,0.00,24.76,495
495,2024-11-24,Costco - Bill ,,COSTCO,116.95,13.79,103.16,496
734,2024-11-25,Underground Graffix - Stickers,STICKERS-001,OTHER,20.69,0.00,20.69,
496,2024-11-26,Irving - Bill ,,OTHER,64.98,8.48,56.50,497
497,2024-11-28,GFS - Bill 9016753711,9016753711,GFS,1275.04,32.27,1242.77,498
498,2024-11-29,Pharmasave - Bill ,,PHARMASAVE,49.68,0.67,49.01,499
499,2024-11-29,Costco - Bill ,,COSTCO,368.59,11.99,356.60,500
500,2024-11-29,Atlantic Superstore - Bill ,,OTHER,258.12,13.49,244.63,501
501,2024-12-01,Town of Amherst - Bill ,,RENT,880.00,114.78,765.22,502
502,2024-12-01,Amazon - Bill ,,AMAZON,40.74,5.31,35.43,503
503,2024-12-01,Temu - Bill ,,TEMU,42.96,5.60,37.36,504
504,2024-12-01,Temu - Bill ,,TEMU,38.89,5.07,33.82,505
505,2024-12-01,Temu - Bill ,,TEMU,80.11,10.45,69.66,506
506,2024-12-02,Curly's Sports and Supplements - Bill ,,OTHER,131.50,17.15,114.35,507
507,2024-12-03,Curly's Sports and Supplements - Bill ,,OTHER,652.05,85.05,567.00,508
508,2024-12-04,Esso - Bill ,,OTHER,60.00,7.83,52.17,509
509,2024-12-04,Sysco - Bill ,,SYSCO,80.65,0.00,80.65,510
510,2024-12-04,Capital Foods - Bill 2596503,2596503,CAPITAL,148.73,13.12,135.61,511
511,2024-12-04,Atlantic Superstore - Bill ,,OTHER,283.48,22.79,260.69,512
512,2024-12-04,Costco - Bill ,,COSTCO,812.21,52.05,760.16,513
513,2024-12-04,Mobil Gas - Bill ,,OTHER,120.34,15.70,104.64,514
514,2024-12-05,Lil' Ems - Bill ,,OTHER,92.00,6.00,86.00,515
515,2024-12-05,Pharmasave - Bill ,,PHARMASAVE,75.79,0.00,75.79,516
516,2024-12-05,Walmart - Bill ,,WALMART,16.08,2.10,13.98,517
517,2024-12-05,GFS - Bill 9016950083,9016950083,GFS,1554.71,18.67,1536.04,518
518,2024-12-06,GFS - Bill 9017022468,9017022468,GFS,530.92,16.13,514.79,519
519,2024-12-07,Atlantic Superstore - Bill ,,OTHER,279.81,26.80,253.01,520
521,2024-12-09,GFS - Bill 9017091772,9017091772,GFS,219.62,10.53,209.09,522
522,2024-12-09,Pharmasave - Bill ,,PHARMASAVE,31.44,0.00,31.44,523
523,2024-12-11,Circle K - Bill ,,OTHER,132.87,17.33,115.54,524
524,2024-12-11,Atlantic Superstore - Bill ,,OTHER,688.84,71.53,617.31,525
708,2024-12-11,Capital Foods - Credit Memo 2597723,2597723,CAPITAL,-48.12,0.00,-48.12,
525,2024-12-12,Curly's Sports and Supplements - Bill ,,OTHER,182.85,23.85,159.00,526
526,2024-12-12,Esso - Bill ,,OTHER,62.09,8.10,53.99,527
527,2024-12-12,C.E. Harrison Home Hardware - Bill ,,OTHER,30.51,3.98,26.53,528
528,2024-12-12,C.E. Harrison Home Hardware - Bill ,,OTHER,43.65,5.69,37.96,529
529,2024-12-13,GFS - Bill 9017258411,9017258411,GFS,944.31,6.09,938.22,530
530,2024-12-13,Shell Gas - Bill ,,OTHER,77.48,10.11,67.37,531
531,2024-12-13,Stacked - Bill ,,OTHER,21.24,2.77,18.47,532
532,2024-12-13,Costco - Bill ,,COSTCO,2152.03,160.64,1991.39,533
735,2024-12-13,Capital Foods - Bill 2598264,2598264,CAPITAL,820.06,94.41,725.65,
533,2024-12-14,Pharmasave - Bill ,,PHARMASAVE,83.35,1.96,81.39,534
534,2024-12-16,Esso - Bill ,,OTHER,60.00,7.83,52.17,535
728,2024-12-16,U9 Dev Hockey - Donation,U9-DONATION-001,OTHER,200.00,0.00,200.00,
535,2024-12-17,Canadian Tire - Bill ,,OTHER,17.24,2.25,14.99,536
536,2024-12-17,Costco - Bill ,,COSTCO,330.91,0.00,330.91,537
537,2024-12-17,FloHockey - Bill ,,OTHER,234.46,30.58,203.88,538
538,2024-12-19,Atlantic Superstore - Bill ,,OTHER,400.00,0.00,400.00,539
539,2024-12-19,Capital Foods - Bill 2599082,2599082,CAPITAL,1625.25,23.29,1601.96,540
540,2024-12-20,GFS - Bill 9017524422,9017524422,GFS,466.43,19.06,447.37,541
743,2024-12-20,Bowling Alley - Christmas Party,XMAS-PARTY-2024,OTHER,230.00,30.00,200.00,
541,2024-12-31,Shopify - Bill 2024 CC Fees,2024,OTHER,2208.04,0.00,2208.04,542
542,2024-12-31,CIBC - Bill q234 fees,,BANK_FEE,585.00,0.00,585.00,543
543,2024-12-31,Shopify - Bill ,,OTHER,412.83,53.85,358.98,544
545,2024-12-31,Pharmasave - Bill ,,PHARMASAVE,63.95,0.00,63.95,546
546,2024-12-31,GFS - Bill 9017785533,9017785533,GFS,363.19,34.97,328.22,547
764,2024-12-31,Pepsico - Bill (AUTO PAD BT643),PEPSI-PAD-BT643,PEPSI,560.13,0.00,560.13,
547,2025-01-01,Town of Amherst - Bill January Rent,,RENT,880.00,114.78,765.22,548
548,2025-01-03,GFS - Bill 9017847614,9017847614,GFS,925.46,6.09,919.37,549
549,2025-01-03,Pharmasave - Bill ,,PHARMASAVE,55.86,0.00,55.86,550
550,2025-01-04,Atlantic Superstore - Bill ,,OTHER,691.66,3.60,688.06,551
551,2025-01-04,Walmart - Bill ,,WALMART,48.16,6.28,41.88,552
552,2025-01-04,Walmart - Bill ,,WALMART,76.84,0.62,76.22,553
553,2025-01-04,Canadian Tire - Bill ,,OTHER,108.40,14.14,94.26,554
554,2025-01-06,Circle K - Bill ,,OTHER,49.44,6.45,42.99,555
555,2025-01-07,Curly's Sports and Supplements - Bill ,,OTHER,71.52,0.00,71.52,556
556,2025-01-09,Sysco - Bill ,,SYSCO,159.98,0.00,159.98,557
557,2025-01-09,Shell Gas - Bill ,,OTHER,129.39,15.15,114.24,558
558,2025-01-09,Costco - Bill ,,COSTCO,2415.47,38.38,2377.09,559
559,2025-01-09,Wholesale Club - Bill ,,WHOLESALE_CLUB,642.89,7.20,635.69,560
560,2025-01-09,Capital Foods - Bill 2601740,2601740,CAPITAL,180.80,0.00,180.80,561
561,2025-01-09,Capital Foods - Bill 2601713,2601713,CAPITAL,648.71,32.47,616.24,562
562,2025-01-10,GFS - Bill 9018093147,9018093147,GFS,1147.76,0.00,1147.76,563
563,2025-01-10,GFS - Bill 9018118048,9018118048,GFS,445.44,0.00,445.44,564
564,2025-01-11,Pharmasave - Bill ,,PHARMASAVE,90.08,0.00,90.08,565
565,2025-01-11,Pharmasave - Bill ,,PHARMASAVE,36.00,0.00,36.00,566
566,2025-01-11,Pharmasave - Bill ,,PHARMASAVE,129.29,0.00,129.29,567
567,2025-01-12,Dollarama - Bill ,,DOLLARAMA,407.10,0.08,407.02,568
568,2025-01-12,Atlantic Superstore - Bill ,,OTHER,337.47,1.13,336.34,569
569,2025-01-12,Pharmasave - Bill ,,PHARMASAVE,14.40,0.00,14.40,570
570,2025-01-13,Walmart - Bill ,,WALMART,29.21,3.81,25.40,571
571,2025-01-14,Shopify - Bill ,,OTHER,51.07,6.66,44.41,572
724,2025-01-15,GFS Cash - Cheese Curds,STUB-GFS-CASH-002,GFS,200.00,0.00,200.00,
317,2025-01-16,BFL Insurance - Bill 2025,,INSURANCE,1951.00,0.00,1951.00,318
572,2025-01-16,GFS - Bill 9018308927,9018308927,GFS,570.56,0.00,570.56,573
573,2025-01-17,GFS - Bill 9018338730,9018338730,GFS,588.61,26.82,561.79,574
574,2025-01-17,GFS - Bill 9018356757,9018356757,GFS,142.11,5.51,136.60,575
575,2025-01-17,Costco - Bill ,,COSTCO,566.01,0.00,566.01,576
576,2025-01-17,Pharmasave - Bill ,,PHARMASAVE,118.11,0.00,118.11,577
577,2025-01-17,Costco - Bill ,,COSTCO,121.89,0.00,121.89,578
578,2025-01-18,Atlantic Superstore - Bill ,,OTHER,293.52,0.38,293.14,579
579,2025-01-18,Canadian Tire - Bill ,,OTHER,76.91,4.19,72.72,580
580,2025-01-18,Pharmasave - Bill ,,PHARMASAVE,42.18,1.64,40.54,581
581,2025-01-18,Dollarama - Bill ,,DOLLARAMA,79.70,7.20,72.50,582
582,2025-01-18,Walmart - Bill ,,WALMART,28.00,0.00,28.00,583
583,2025-01-21,Circle K - Bill ,,OTHER,69.59,9.08,60.51,584
584,2025-01-24,GFS - Bill 9018587030,9018587030,GFS,695.68,0.00,695.68,585
585,2025-01-24,GFS - Bill 9018628162,9018628162,GFS,237.04,0.00,237.04,586
586,2025-01-24,Amazon - Bill ,,AMAZON,36.79,4.80,31.99,587
587,2025-01-24,Christmas Discounters - Bill ,,OTHER,228.83,0.00,228.83,588
588,2025-01-24,Atlantic Superstore - Bill ,,OTHER,146.15,0.00,146.15,589
590,2025-01-25,Sobeys - Bill ,,OTHER,90.90,0.00,90.90,591
591,2025-01-25,Atlantic Superstore - Bill ,,OTHER,16.40,0.00,16.40,592
592,2025-01-26,Walmart - Bill ,,WALMART,185.03,0.00,185.03,593
593,2025-01-28,Shell Gas - Bill ,,OTHER,85.50,11.15,74.35,594
594,2025-01-28,Walmart - Bill ,,WALMART,21.01,0.00,21.01,595
595,2025-01-31,GFS - Bill 9018826421,9018826421,GFS,1322.73,8.26,1314.47,596
740,2025-01-31,CIBC - Cash Deposit Fee,DEPOSIT-FEE-005,BANK_FEE,8.86,0.00,8.86,
765,2025-01-31,Pepsico - Bill (AUTO PAD BT551),PEPSI-PAD-BT551,PEPSI,1567.71,0.00,1567.71,
596,2025-02-01,Amazon - Bill ,,AMAZON,72.22,9.08,63.14,597
597,2025-02-01,Town of Amherst - Bill ,,RENT,880.00,114.78,765.22,598
598,2025-02-02,Canadian Tire - Bill ,,OTHER,39.02,5.09,33.93,599
599,2025-02-03,Capital Foods - Bill 2612382,2612382,CAPITAL,1472.06,110.35,1361.71,600
731,2025-02-03,CIBC - Bill GPFS Service Charge,CIBC-GPFS-SVC-20250203,BANK_FEE,2.00,0.00,2.00,
600,2025-02-05,Pharmasave - Bill ,,PHARMASAVE,11.69,0.00,11.69,601
601,2025-02-05,Pharmasave - Bill ,,PHARMASAVE,119.04,0.00,119.04,602
602,2025-02-05,Shell Gas - Bill ,,OTHER,79.42,10.36,69.06,603
603,2025-02-05,Costco - Bill ,,COSTCO,2314.34,27.06,2287.28,604
604,2025-02-06,Atlantic Superstore - Bill ,,OTHER,601.67,0.00,601.67,605
605,2025-02-06,GFS - Bill 9019024514,9019024514,GFS,245.48,20.06,225.42,606
606,2025-02-08,Atlantic Superstore - Bill ,,OTHER,329.65,0.00,329.65,607
607,2025-02-08,Giant Tiger - Bill ,,OTHER,155.41,0.00,155.41,608
608,2025-02-08,Pharmasave - Bill ,,PHARMASAVE,26.25,0.00,26.25,609
609,2025-02-11,Esso - Bill ,,OTHER,30.00,3.91,26.09,610
610,2025-02-12,Capital Foods - Bill 2603246,2603246,CAPITAL,1003.96,37.04,966.92,611
611,2025-02-12,Esso - Bill ,,OTHER,146.52,17.85,128.67,612
612,2025-02-12,Esso - Bill ,,OTHER,73.65,9.61,64.04,613
613,2025-02-12,Costco - Bill ,,COSTCO,4391.25,67.48,4323.77,614
614,2025-02-12,Atlantic Superstore - Bill,,OTHER,1033.68,3.30,1030.38,615
615,2025-02-13,Capital Foods - Bill 2607146,2607146,CAPITAL,1250.74,102.71,1148.03,616
617,2025-02-13,Shopify - Bill ,,OTHER,50.70,6.61,44.09,618
618,2025-02-13,Go-Mart - Bill ,,OTHER,59.97,0.00,59.97,619
733,2025-02-13,GFS - Bill 9019250185,9019250185,GFS,1915.38,0.00,1915.38,
619,2025-02-14,GFS - Bill 9019304169,9019304169,GFS,209.57,16.05,193.52,620
620,2025-02-14,Atlantic Superstore - Bill ,,OTHER,193.24,4.80,188.44,621
621,2025-02-15,Atlantic Superstore - Bill ,,OTHER,129.86,0.00,129.86,622
726,2025-02-15,GFS Cash - Cheese Curds,STUB-GFS-CASH-004,GFS,130.00,0.00,130.00,
622,2025-02-20,Pepsico - Bill ,,PEPSI,650.07,75.42,574.65,623
623,2025-02-20,Pharmasave - Bill ,,PHARMASAVE,49.27,0.62,48.65,624
624,2025-02-21,Circle K - Bill ,,OTHER,63.00,8.22,54.78,625
625,2025-02-21,GFS - Bill ,,GFS,887.23,6.09,881.14,626
626,2025-02-22,Atlantic Superstore - Bill ,,OTHER,282.00,30.75,251.25,627
628,2025-02-24,Nayax - Bill ,,OTHER,632.28,74.85,557.43,629
629,2025-02-25,Costco - Bill ,,COSTCO,1958.20,149.72,1808.48,630
630,2025-02-25,UPS - Bill ,,OTHER,25.00,0.00,25.00,631
631,2025-02-25,Circle K - Bill ,,OTHER,130.89,17.07,113.82,632
632,2025-02-26,Walmart - Bill ,,WALMART,21.97,6.22,15.75,633
633,2025-02-26,Pharmasave - Bill ,,PHARMASAVE,15.61,0.24,15.37,634
634,2025-02-26,Walmart - Bill ,,WALMART,47.66,0.00,47.66,635
635,2025-02-27,Curly's Sports and Supplements - Bill ,,OTHER,1095.18,142.85,952.33,636
636,2025-02-27,GFS - Bill ,,GFS,645.76,2.78,642.98,637
715,2025-02-27,Fuel - Receipt,FUEL-RECEIPT-20250227,OTHER,59.97,0.00,59.97,
627,2025-02-28,Bell - Bill,,BELL,132.68,17.30,115.38,628
637,2025-02-28,Canadian Tire - Bill ,,OTHER,272.24,35.51,236.73,638
741,2025-02-28,CIBC - Cash Deposit Fee,DEPOSIT-FEE-006,BANK_FEE,0.18,0.00,0.18,
638,2025-03-06,Capital Foods - Bill 2610187,2610187,CAPITAL,1110.97,84.79,1026.18,639
639,2025-03-06,GFS - Bill 9019984354,9019984354,GFS,971.93,0.00,971.93,640
640,2025-03-07,Circle K - Bill ,,OTHER,50.34,6.57,43.77,641
641,2025-03-07,Pharmasave - Bill ,,PHARMASAVE,44.95,0.00,44.95,642
642,2025-03-08,Atlantic Superstore - Bill ,,OTHER,305.31,26.77,278.54,643
643,2025-03-08,Pharmasave - Bill ,,PHARMASAVE,66.17,2.59,63.58,644
644,2025-03-08,Christmas Discounters - Bill ,,OTHER,27.60,3.60,24.00,645
645,2025-03-08,Value Village - Bill ,,OTHER,21.80,2.84,18.96,646
646,2025-03-09,Shell Gas - Bill ,,OTHER,129.67,16.91,112.76,647
647,2025-03-09,Costco - Bill ,,COSTCO,1869.91,109.04,1760.87,648
648,2025-03-11,Amazon - Bill ,,AMAZON,58.62,0.34,58.28,649
649,2025-03-11,Amazon - Bill ,,AMAZON,195.46,25.16,170.30,650
650,2025-03-11,Amazon - Bill ,,AMAZON,19.54,2.55,16.99,651
651,2025-03-11,Amazon - Bill ,,AMAZON,37.92,4.95,32.97,652
652,2025-03-14,Pharmasave - Bill ,,PHARMASAVE,71.45,1.89,69.56,653
653,2025-03-14,Pharmasave - Bill ,,PHARMASAVE,80.08,0.00,80.08,654
654,2025-03-14,GFS - Bill 9020315231,9020315231,GFS,947.64,6.09,941.55,655
655,2025-03-15,Shopify - Bill ,,OTHER,51.08,6.66,44.42,656
656,2025-03-15,Pharmasave - Bill ,,PHARMASAVE,110.86,12.58,98.28,657
725,2025-03-15,GFS Cash - Chicken,STUB-GFS-CASH-003,GFS,240.00,0.00,240.00,
657,2025-03-17,Canadian Tire - Bill ,,OTHER,120.68,15.74,104.94,658
658,2025-03-18,Canadian Tire - Bill ,,OTHER,20.68,2.70,17.98,659
659,2025-03-18,C.E. Harrison Home Hardware - Bill ,,OTHER,12.64,1.65,10.99,660
660,2025-03-18,Atlantic Superstore - Bill ,,OTHER,1393.93,157.07,1236.86,661
661,2025-03-18,Pepsico - Bill ,,PEPSI,1119.96,123.90,996.06,662
662,2025-03-19,Petro Can - Bill ,,OTHER,204.46,26.67,177.79,663
663,2025-03-19,Canadian Tire - Bill ,,OTHER,34.49,4.50,29.99,664
664,2025-03-19,Costco - Bill ,,COSTCO,2531.83,179.51,2352.32,665
665,2025-03-20,Sobeys - Bill ,,OTHER,116.58,11.17,105.41,666
666,2025-03-20,Dollarama - Bill ,,DOLLARAMA,682.18,88.98,593.20,667
667,2025-03-20,Dollarama - Bill ,,DOLLARAMA,166.28,17.78,148.50,668
668,2025-03-20,GFS - Bill 9020484316,9020484316,GFS,977.62,35.11,942.51,669
669,2025-03-21,Pharmasave - Bill ,,PHARMASAVE,81.80,1.72,80.08,670
670,2025-03-21,Walmart - Bill ,,WALMART,97.19,12.29,84.90,671
671,2025-03-21,Pharmasave - Bill ,,PHARMASAVE,8.92,0.00,8.92,672
672,2025-03-24,GFS - Bill 9020622999,9020622999,GFS,870.94,0.00,870.94,673
673,2025-03-24,Atlantic Superstore - Bill ,,OTHER,93.02,8.77,84.25,674
675,2025-03-24,Pharmasave - Bill ,,PHARMASAVE,59.52,0.00,59.52,676
674,2025-03-31,Bell - Bill,,BELL,132.68,17.30,115.38,675
676,2025-03-31,CIBC - Bill Q1 Account Fees,,BANK_FEE,195.00,0.00,195.00,677
677,2025-04-01,Irving - Bill ,,OTHER,51.90,5.51,46.39,678
678,2025-04-01,CIBC - Bill ,,BANK_FEE,6.00,0.00,6.00,679
679,2025-04-01,Town of Amherst - Bill March Rent,,RENT,880.00,114.78,765.22,680
680,2025-04-01,Town of Amherst - Bill April Rent,,RENT,416.35,51.13,365.22,681
681,2025-04-03,Canadian Tire - Bill ,,OTHER,72.26,8.87,63.39,682
682,2025-04-08,Irving - Bill ,,OTHER,113.51,13.94,99.57,683
683,2025-04-08,Gov't of Nova Scotia - Bill ,,GOV_NS,68.55,0.00,68.55,684
684,2025-04-11,Irving - Bill ,,OTHER,104.99,12.89,92.10,685
685,2025-04-14,Shopify - Bill ,,OTHER,49.02,6.02,43.00,686
686,2025-04-15,Amazon - Bill ,,AMAZON,121.94,14.98,106.96,687
687,2025-04-16,Pharmasave - Bill ,,PHARMASAVE,19.45,2.39,17.06,688
688,2025-04-21,Shell Gas - Bill ,,OTHER,118.34,14.53,103.81,689
689,2025-04-22,Canadian Tire - Bill ,,OTHER,333.91,41.01,292.90,690
690,2025-04-22,Walmart - Bill ,,WALMART,27.83,3.42,24.41,691
692,2025-04-24,Amazon - Bill ,,AMAZON,45.59,5.60,39.99,693
691,2025-04-30,Bell - Bill,,BELL,131.53,16.15,115.38,692
693,2025-04-30,Nayax - Bill ,,OTHER,17.04,2.09,14.95,694
694,2025-04-30,CIBC - Bill ,,BANK_FEE,65.00,0.00,65.00,695
695,2025-04-30,Bell - Late Fee,,BELL,3.86,0.00,3.86,696
696,2025-05-01,Town of Amherst - Bill ,,RENT,416.35,51.13,365.22,697
697,2025-05-01,CIBC - Bill ,,BANK_FEE,4.00,0.00,4.00,698
698,2025-05-05,CIBC - Deluxe Cheque Order,CIBC-CHEQUE-ORDER-20250505,BANK_FEE,164.78,20.24,144.54,699
699,2025-05-14,Pharmasave - Bill ,,PHARMASAVE,45.74,0.81,44.93,700
700,2025-05-14,Shopify - Bill ,,OTHER,49.12,6.04,43.08,701
701,2025-05-16,GFS - Bill 9022611886,9022611886,GFS,227.14,0.00,227.14,702
702,2025-05-19,Shell Gas - Bill ,,OTHER,102.50,12.59,89.91,703
703,2025-05-22,CIBC - Bill ,,BANK_FEE,5.00,0.00,5.00,704
704,2025-05-30,GFS - Bill 9023101066,9023101066,GFS,163.57,0.00,163.57,705
705,2025-05-31,Bell - Bill,,BELL,131.53,16.15,115.38,706
706,2025-05-31,Nayax - Bill ,,OTHER,17.04,2.09,14.95,707
