wave_bill_id,invoice_date,vendor,invoice_number,bill_total_cents,allocation_total_cents,ap_line_cents,journal_entry_id,status
1,2023-06-01,Town of Amherst - Bill,,80500,80500,80500,WAVE_BILL_ACCRUAL_1,posted
2,2023-06-06,Mondoux - Bill 8100248,8100248,45225,45225,45225,WAVE_BILL_ACCRUAL_2,posted
3,2023-06-07,Pharmasave - Bill,,2108,2108,2108,WAVE_BILL_ACCRUAL_3,posted
4,2023-06-07,Gov't of Nova Scotia - Bill 5932,5932,22259,22259,22259,WAVE_BILL_ACCRUAL_4,posted
5,2023-06-08,GFS - Bill 9002081541,9002081541,26568,26568,26568,WAVE_BILL_ACCRUAL_5,posted
7,2023-06-16,GFS - Bill 9002186430,9002186430,14004,14004,14004,WAVE_BILL_ACCRUAL_7,posted
8,2023-06-16,GFS - Bill 9002189920,9002189920,10250,10250,10250,WAVE_BILL_ACCRUAL_8,posted
9,2023-06-16,Pharmasave - Bill,,574,574,574,WAVE_BILL_ACCRUAL_9,posted
10,2023-06-29,JE Hastings Limited - Bill 107559,107559,79488,79488,79488,WAVE_BILL_ACCRUAL_10,posted
11,2023-06-29,Capital Foods - Bill 2506676,2506676,120080,120080,120080,WAVE_BILL_ACCRUAL_11,posted
12,2023-06-30,Pharmasave - Bill,,3819,3819,3819,WAVE_BILL_ACCRUAL_12,posted
716,2023-06-30,CIBC - Bill June Fees,CIBC-FEES-2023-06,947,947,947,WAVE_BILL_ACCRUAL_716,posted
736,2023-06-30,CIBC - Cash Deposit Fee,DEPOSIT-FEE-001,22,22,22,WAVE_BILL_ACCRUAL_736,posted
13,2023-07-01,Town of Amherst - Bill,,40250,40250,40250,WAVE_BILL_ACCRUAL_13,posted
14,2023-07-08,Pharmasave - Bill,,3319,3319,3319,WAVE_BILL_ACCRUAL_14,posted
15,2023-07-23,Costco - Bill 22134501302122307231334,22134501302122307231334,99488,99488,99488,WAVE_BILL_ACCRUAL_15,posted
16,2023-07-27,Walmart - Bill,,7627,7627,7627,WAVE_BILL_ACCRUAL_16,posted
17,2023-07-31,Amazon - Bill,,2644,2644,2644,WAVE_BILL_ACCRUAL_17,posted
18,2023-07-31,CIBC - Bill july fees,,1425,1425,1425,WAVE_BILL_ACCRUAL_18,posted
19,2023-08-01,Town of Amherst - Bill,,40250,40250,40250,WAVE_BILL_ACCRUAL_19,posted
20,2023-08-08,Walmart - Bill 6870208,6870208,4370,4370,4370,WAVE_BILL_ACCRUAL_20,posted
21,2023-08-09,Walmart - Bill,,859,859,859,WAVE_BILL_ACCRUAL_21,posted
22,2023-08-09,Walmart - Bill,,859,859,859,WAVE_BILL_ACCRUAL_22,posted
23,2023-08-11,Costco - Bill 22134501201752308111243,22134501201752308111243,58238,58238,58238,WAVE_BILL_ACCRUAL_23,posted
24,2023-08-11,GFS - Bill 9002912093,9002912093,115764,115764,115764,WAVE_BILL_ACCRUAL_24,posted
25,2023-08-11,GFS - Bill 9002908697,9002908697,12391,12391,12391,WAVE_BILL_ACCRUAL_25,posted
26,2023-08-11,Wholesale Club - Bill,,64368,64368,64368,WAVE_BILL_ACCRUAL_26,posted
27,2023-08-12,Pharmasave - Bill,,2169,2169,2169,WAVE_BILL_ACCRUAL_27,posted
717,2023-08-14,Walmart - Bill,STUB-WALMART-COGS-20230814,3447,3447,3447,WAVE_BILL_ACCRUAL_717,posted
718,2023-08-14,Dollarama - Bill,STUB-DOLLARAMA-COGS-20230814,5014,5014,5014,WAVE_BILL_ACCRUAL_718,posted
28,2023-08-15,Pharmasave - Bill,,2451,2451,2451,WAVE_BILL_ACCRUAL_28,posted
29,2023-08-21,Costco - Bill 22134501000312308211156,22134501000312308211156,112951,112951,112951,WAVE_BILL_ACCRUAL_29,posted
30,2023-08-30,Amazon - Bill,,1954,1954,1954,WAVE_BILL_ACCRUAL_30,posted
31,2023-08-31,CIBC - Bill August Fees,,1100,1100,1100,WAVE_BILL_ACCRUAL_31,posted
32,2023-09-01,Acandian Printing - Bill,,5175,5175,5175,WAVE_BILL_ACCRUAL_32,posted
33,2023-09-01,Walmart - Bill,,2561,2561,2561,WAVE_BILL_ACCRUAL_33,posted
34,2023-09-01,Town of Amherst - Bill,,86250,86250,86250,WAVE_BILL_ACCRUAL_34,posted
35,2023-09-01,Wholesale Club - Bill,,194291,194291,194291,WAVE_BILL_ACCRUAL_35,posted
36,2023-09-01,GFS - Bill 9003246118,9003246118,36318,36318,36318,WAVE_BILL_ACCRUAL_36,posted
37,2023-09-02,Amazon - Bill,,2995,2995,2995,WAVE_BILL_ACCRUAL_37,posted
38,2023-09-02,Amazon - Bill,,2995,2995,2995,WAVE_BILL_ACCRUAL_38,posted
39,2023-09-03,Wholesale Club - Bill,,30397,30397,30397,WAVE_BILL_ACCRUAL_39,posted
722,2023-09-05,Walmart - Bill,STUB-WALMART-REIMBURSE-20230905,7627,7627,7627,WAVE_BILL_ACCRUAL_722,posted
40,2023-09-07,Pharmasave - Bill,,1734,1734,1734,WAVE_BILL_ACCRUAL_40,posted
41,2023-09-07,Costco - Bill,,9254,9254,9254,WAVE_BILL_ACCRUAL_41,posted
42,2023-09-07,Capital Foods - Bill 2520102,2520102,103745,103745,103745,WAVE_BILL_ACCRUAL_42,posted
43,2023-09-07,GFS - Bill 9003327039,9003327039,104634,104634,104634,WAVE_BILL_ACCRUAL_43,posted
44,2023-09-08,Pharmasave - Bill,,2607,2607,2607,WAVE_BILL_ACCRUAL_44,posted
45,2023-09-08,Costco - Bill 22134501101702309081257,22134501101702309081257,152352,152352,152352,WAVE_BILL_ACCRUAL_45,posted
46,2023-09-08,Dollarama - Bill,,13790,13790,13790,WAVE_BILL_ACCRUAL_46,posted
47,2023-09-09,Atlantic Superstore - Bill,,10740,10740,10740,WAVE_BILL_ACCRUAL_47,posted
48,2023-09-11,GFS - Bill 9003386079,9003386079,24457,24457,24457,WAVE_BILL_ACCRUAL_48,posted
49,2023-09-12,Canadian Tire Gas - Bill,,7010,7010,7010,WAVE_BILL_ACCRUAL_49,posted
51,2023-09-14,Irving - Bill,,5876,5876,5876,WAVE_BILL_ACCRUAL_51,posted
52,2023-09-15,Atlantic Superstore - Bill,,7684,7684,7684,WAVE_BILL_ACCRUAL_52,posted
54,2023-09-15,Pharmasave - Bill,,2831,2831,2831,WAVE_BILL_ACCRUAL_54,posted
55,2023-09-15,GFS - Bill 9003462485,9003462485,27323,27323,27323,WAVE_BILL_ACCRUAL_55,posted
56,2023-09-15,GFS - Bill 9003468379,9003468379,80876,80876,80876,WAVE_BILL_ACCRUAL_56,posted
57,2023-09-17,Pharmasave - Bill,,613,613,613,WAVE_BILL_ACCRUAL_57,posted
58,2023-09-18,Pharmasave - Bill,,8437,8437,8437,WAVE_BILL_ACCRUAL_58,posted
59,2023-09-18,Covered Bridge - Bill,,37856,37856,37856,WAVE_BILL_ACCRUAL_59,posted
60,2023-09-18,Amazon - Bill,,2532,2532,2532,WAVE_BILL_ACCRUAL_60,posted
61,2023-09-21,Costco - Bill 22134501302212309211505,22134501302212309211505,234693,234693,234693,WAVE_BILL_ACCRUAL_61,posted
62,2023-09-21,GFS - Bill 9003558293,9003558293,97396,97396,97396,WAVE_BILL_ACCRUAL_62,posted
63,2023-09-21,GFS - Bill 9003552766,9003552766,6677,6677,6677,WAVE_BILL_ACCRUAL_63,posted
64,2023-09-23,Pharmasave - Bill,,988,988,988,WAVE_BILL_ACCRUAL_64,posted
65,2023-09-24,Dollarama - Bill,,53875,53875,53875,WAVE_BILL_ACCRUAL_65,posted
66,2023-09-24,Walmart - Bill,,4018,4018,4018,WAVE_BILL_ACCRUAL_66,posted
67,2023-09-24,Walmart - Bill,,10410,10410,10410,WAVE_BILL_ACCRUAL_67,posted
68,2023-09-25,Dollarama - Bill,,5635,5635,5635,WAVE_BILL_ACCRUAL_68,posted
69,2023-09-25,Canadian Tire - Bill,,3771,3771,3771,WAVE_BILL_ACCRUAL_69,posted
70,2023-09-26,Mondoux - Bill 8100361,8100361,86705,86705,86705,WAVE_BILL_ACCRUAL_70,posted
71,2023-09-27,Costco - Bill 22134501202012309271442,22134501202012309271442,121536,121536,121536,WAVE_BILL_ACCRUAL_71,posted
72,2023-09-28,Capital Foods - Bill 2523999,2523999,109656,109656,109656,WAVE_BILL_ACCRUAL_72,posted
73,2023-09-28,GFS - Bill 9003665333,9003665333,60503,60503,60503,WAVE_BILL_ACCRUAL_73,posted
737,2023-09-29,CIBC - Cash Deposit Fee,DEPOSIT-FEE-002,1125,1125,1125,WAVE_BILL_ACCRUAL_737,posted
709,2023-09-30,CIBC - Bill September Fees,CIBC-FEES-2023-09,7925,7925,7925,WAVE_BILL_ACCRUAL_709,posted
74,2023-10-01,Town of Amherst - Bill,,86250,86250,86250,WAVE_BILL_ACCRUAL_74,posted
75,2023-10-01,Atlantic Superstore - Bill,,10403,10403,10403,WAVE_BILL_ACCRUAL_75,posted
76,2023-10-03,Amazon - Bill,,1954,1954,1954,WAVE_BILL_ACCRUAL_76,posted
77,2023-10-04,Pharmasave - Bill,,2996,2996,2996,WAVE_BILL_ACCRUAL_77,posted
78,2023-10-04,Amazon - Bill,,7638,7638,7638,WAVE_BILL_ACCRUAL_78,posted
79,2023-10-05,GFS - Bill 9003775625,9003775625,99848,99848,99848,WAVE_BILL_ACCRUAL_79,posted
80,2023-10-06,Costco - Bill 22055101203462310061725,22055101203462310061725,85132,85132,85132,WAVE_BILL_ACCRUAL_80,posted
81,2023-10-06,Atlantic Superstore - Bill,,10193,10193,10193,WAVE_BILL_ACCRUAL_81,posted
82,2023-10-09,Atlantic Superstore - Bill,,10196,10196,10196,WAVE_BILL_ACCRUAL_82,posted
83,2023-10-09,Pharmasave - Bill,,8249,8249,8249,WAVE_BILL_ACCRUAL_83,posted
84,2023-10-09,Pharmasave - Bill,,8249,8249,8249,WAVE_BILL_ACCRUAL_84,posted
85,2023-10-10,Pharmasave - Bill,,1024,1024,1024,WAVE_BILL_ACCRUAL_85,posted
719,2023-10-11,GFS - Bill,STUB-GFS-CASH-COGS-20231011,40000,40000,40000,WAVE_BILL_ACCRUAL_719,posted
86,2023-10-12,Capital Foods - Bill 2526446,2526446,104085,104085,104085,WAVE_BILL_ACCRUAL_86,posted
87,2023-10-12,GFS - Bill 9003882687,9003882687,85831,85831,85831,WAVE_BILL_ACCRUAL_87,posted
768,2023-10-12,GFS Damaged - Oil/Chicken/Cheese Curds (COGS),STUB-GFS-DAMAGED-20231012,86250,86250,86250,WAVE_BILL_ACCRUAL_768,posted
88,2023-10-13,Atlantic Superstore - Bill,,22407,22407,22407,WAVE_BILL_ACCRUAL_88,posted
89,2023-10-14,Pharmasave - Bill,,6254,6254,6254,WAVE_BILL_ACCRUAL_89,posted
91,2023-10-15,Pharmasave - Bill,,4827,4827,4827,WAVE_BILL_ACCRUAL_91,posted
92,2023-10-16,Walmart - Bill,,23673,23673,23673,WAVE_BILL_ACCRUAL_92,posted
94,2023-10-17,Amazon - Bill,,16785,16785,16785,WAVE_BILL_ACCRUAL_94,posted
95,2023-10-18,Pharmasave - Bill,,1293,1293,1293,WAVE_BILL_ACCRUAL_95,posted
96,2023-10-19,GFS - Bill 9003993508,9003993508,83481,83481,83481,WAVE_BILL_ACCRUAL_96,posted
97,2023-10-20,Pharmasave - Bill,,5216,5216,5216,WAVE_BILL_ACCRUAL_97,posted
98,2023-10-21,Amazon - Bill,,3449,3449,3449,WAVE_BILL_ACCRUAL_98,posted
99,2023-10-21,Costco - Bill,,6254,6254,6254,WAVE_BILL_ACCRUAL_99,posted
100,2023-10-21,Costco - Bill 22134501402602310211624,22134501402602310211624,137182,137182,137182,WAVE_BILL_ACCRUAL_100,posted
746,2023-10-23,Walmart - Duplicate Reimbursement,WALMART-DUP-001,10410,10410,10410,WAVE_BILL_ACCRUAL_746,posted
747,2023-10-23,Dollarama - Duplicate Reimbursement,DOLLARAMA-DUP-001,53875,53875,53875,WAVE_BILL_ACCRUAL_747,posted
101,2023-10-24,C.E. Harrison Home Hardware - Bill,,3366,3366,3366,WAVE_BILL_ACCRUAL_101,posted
102,2023-10-24,C.E. Harrison Home Hardware - Bill,,1432,1432,1432,WAVE_BILL_ACCRUAL_102,posted
103,2023-10-24,C.E. Harrison Home Hardware - Bill,,2753,2753,2753,WAVE_BILL_ACCRUAL_103,posted
104,2023-10-24,Mondoux - Bill 8100383,8100383,40919,40919,40919,WAVE_BILL_ACCRUAL_104,posted
105,2023-10-25,GFS - Bill 9004092329,9004092329,4859,4859,4859,WAVE_BILL_ACCRUAL_105,posted
106,2023-10-25,Black Cat Importers - Bill 19963,19963,63181,63181,63181,WAVE_BILL_ACCRUAL_106,posted
107,2023-10-26,GFS - Bill 9004106655,9004106655,85957,85957,85957,WAVE_BILL_ACCRUAL_107,posted
108,2023-10-27,Costco - Bill 22134501301362310271311,22134501301362310271311,197798,197798,197798,WAVE_BILL_ACCRUAL_108,posted
109,2023-10-27,GFS - Bill 9004135560,9004135560,43027,43027,43027,WAVE_BILL_ACCRUAL_109,posted
748,2023-10-28,Dollarama - Bill,DOLLARAMA-1028,8880,8880,8880,WAVE_BILL_ACCRUAL_748,posted
110,2023-10-31,Exotics Wholesale - Bill EW2762,,248119,248119,248119,WAVE_BILL_ACCRUAL_110,posted
111,2023-11-01,Town of Amherst - Bill,,86250,86250,86250,WAVE_BILL_ACCRUAL_111,posted
112,2023-11-01,Amazon - Bill,,2299,2299,2299,WAVE_BILL_ACCRUAL_112,posted
113,2023-11-02,Costco - Bill 22134500804842311022002,22134500804842311022002,136617,136617,136617,WAVE_BILL_ACCRUAL_113,posted
114,2023-11-02,Costco - Bill 22134519400272311021858,22134519400272311021858,13800,13800,13800,WAVE_BILL_ACCRUAL_114,posted
115,2023-11-02,GFS - Bill 9004259902,9004259902,88092,88092,88092,WAVE_BILL_ACCRUAL_115,posted
116,2023-11-03,GFS - Bill 9004309092,9004309092,14495,14495,14495,WAVE_BILL_ACCRUAL_116,posted
117,2023-11-03,GFS - Bill 9004290341,9004290341,42085,42085,42085,WAVE_BILL_ACCRUAL_117,posted
118,2023-11-03,Dollarama - Bill 161.21,161,18539,18539,18539,WAVE_BILL_ACCRUAL_118,posted
119,2023-11-03,Atlantic Superstore - Bill,,7601,7601,7601,WAVE_BILL_ACCRUAL_119,posted
120,2023-11-04,Atlantic Superstore - Bill,,11092,11092,11092,WAVE_BILL_ACCRUAL_120,posted
749,2023-11-06,Jeff Bembridge - Sauces,BEMBRIDGE-SAUCES-001,2000,2000,2000,WAVE_BILL_ACCRUAL_749,posted
121,2023-11-07,Curly's Sports and Supplements - Bill D17,,123251,123251,123251,WAVE_BILL_ACCRUAL_121,posted
122,2023-11-08,GFS - Bill 9004423490,9004423490,55960,55960,55960,WAVE_BILL_ACCRUAL_122,posted
123,2023-11-08,Amherst Country Store - Bill,,5749,5749,5749,WAVE_BILL_ACCRUAL_123,posted
124,2023-11-10,Costco - Bill 22134501203702311101654,22134501203702311101654,165922,165922,165922,WAVE_BILL_ACCRUAL_124,posted
125,2023-11-15,Mondoux - Bill,,33135,33135,33135,WAVE_BILL_ACCRUAL_125,posted
126,2023-11-16,GFS - Bill 9005534423,9005534423,200000,200000,200000,WAVE_BILL_ACCRUAL_126,posted
127,2023-11-16,GFS - Bill 9004638160,9004638160,96645,96645,96645,WAVE_BILL_ACCRUAL_127,posted
750,2023-11-16,Curly's Sports and Supplements - Bill 1994069,1994069,117102,117102,117102,WAVE_BILL_ACCRUAL_750,posted
751,2023-11-16,Curly's Sports and Supplements - Order 1996469,1996469,143722,143722,143722,WAVE_BILL_ACCRUAL_751,posted
128,2023-11-17,Costco - Bill 22134500703462311171643,22134500703462311171643,212938,212938,212938,WAVE_BILL_ACCRUAL_128,posted
129,2023-11-17,GFS - Bill 9004686201,9004686201,25354,25354,25354,WAVE_BILL_ACCRUAL_129,posted
130,2023-11-17,Costco - Bill,,10230,10230,10230,WAVE_BILL_ACCRUAL_130,posted
752,2023-11-17,Dollarama - Bill,DOLLARAMA-1117,11687,11687,11687,WAVE_BILL_ACCRUAL_752,posted
131,2023-11-20,Capital Foods - Bill 2530298,2530298,92900,92900,92900,WAVE_BILL_ACCRUAL_131,posted
132,2023-11-24,GFS - Bill 9004838078,9004838078,62755,62755,62755,WAVE_BILL_ACCRUAL_132,posted
133,2023-11-25,Canada Mats - Bill,,14249,14249,14249,WAVE_BILL_ACCRUAL_133,posted
134,2023-11-28,Amazon - Bill,,15899,15899,15899,WAVE_BILL_ACCRUAL_134,posted
135,2023-11-30,Amazon - Bill,,1148,1148,1148,WAVE_BILL_ACCRUAL_135,posted
136,2023-12-01,Town of Amherst - Bill,,86250,86250,86250,WAVE_BILL_ACCRUAL_136,posted
137,2023-12-01,GFS - Bill 9005011016,9005011016,45254,45254,45254,WAVE_BILL_ACCRUAL_137,posted
138,2023-12-03,Costco - Bill 22134500801272312031227,22134500801272312031227,119488,119488,119488,WAVE_BILL_ACCRUAL_138,posted
139,2023-12-04,Gov't of Nova Scotia - Bill TR1004676,,27410,27410,27410,WAVE_BILL_ACCRUAL_139,posted
140,2023-12-05,Pharmasave - Bill,,3608,3608,3608,WAVE_BILL_ACCRUAL_140,posted
710,2023-12-06,Fuel - Triangle,FUEL-TRIANGLE-20231206,12072,12072,12072,WAVE_BILL_ACCRUAL_710,posted
141,2023-12-07,GFS - Bill 9005163888,9005163888,93692,93692,93692,WAVE_BILL_ACCRUAL_141,posted
142,2023-12-08,GFS - Bill 9005216555,9005216555,46453,46453,46453,WAVE_BILL_ACCRUAL_142,posted
143,2023-12-08,Costco - Bill 22134500703182312081530,22134500703182312081530,121236,121236,121236,WAVE_BILL_ACCRUAL_143,posted
144,2023-12-11,Capital Foods - Bill 2536709,2536709,91733,91733,91733,WAVE_BILL_ACCRUAL_144,posted
145,2023-12-11,Mondoux - Bill,,42635,42635,42635,WAVE_BILL_ACCRUAL_145,posted
146,2023-12-12,GFS - Bill 9005299395,9005299395,63072,63072,63072,WAVE_BILL_ACCRUAL_146,posted
745,2023-12-12,Hockey Sponsorship - Tim Rich,HOCKEY-DONATION-2023,20000,20000,20000,WAVE_BILL_ACCRUAL_745,posted
147,2023-12-14,GFS - Bill 9005357713,9005357713,155701,155701,155701,WAVE_BILL_ACCRUAL_147,posted
707,2023-12-18,GFS Credit Memo 9005357713,9005357713-CR,-68034,-68034,-68034,WAVE_BILL_ACCRUAL_707,posted
777,2023-12-18,GFS,2000800832,-68034,-68034,-68034,WAVE_BILL_ACCRUAL_777,posted
148,2023-12-19,GFS - Bill 9005510560,9005510560,47583,47583,47583,WAVE_BILL_ACCRUAL_148,posted
711,2023-12-28,Fuel - Triangle,FUEL-TRIANGLE-20231228,12072,12072,12072,WAVE_BILL_ACCRUAL_711,posted
150,2023-12-29,GFS - Bill 9005693526,9005693526,40934,40934,40934,WAVE_BILL_ACCRUAL_150,posted
151,2023-12-31,Shopify - Bill canteen order screen,,12818,12818,12818,WAVE_BILL_ACCRUAL_151,posted
152,2023-12-31,CIBC - Bill,,19500,19500,19500,WAVE_BILL_ACCRUAL_152,posted
153,2024-01-04,Ali Express - Bill,,3169,3169,3169,WAVE_BILL_ACCRUAL_153,posted
154,2024-01-04,Ali Express - Bill,,1017,1017,1017,WAVE_BILL_ACCRUAL_154,posted
155,2024-01-04,Ali Express - Bill,,2005,2005,2005,WAVE_BILL_ACCRUAL_155,posted
156,2024-01-04,Ali Express - Bill,,820,820,820,WAVE_BILL_ACCRUAL_156,posted
753,2024-01-04,The Keg - Staff Party,KEG-STAFF-PARTY,21390,21390,21390,WAVE_BILL_ACCRUAL_753,posted
157,2024-01-05,Pharmasave - Bill,,7414,7414,7414,WAVE_BILL_ACCRUAL_157,posted
158,2024-01-05,Dollarama - Bill,,31240,31240,31240,WAVE_BILL_ACCRUAL_158,posted
159,2024-01-05,GFS - Bill 9005827880,9005827880,68371,68371,68371,WAVE_BILL_ACCRUAL_159,posted
160,2024-01-05,Atlantic Superstore - Bill,,28865,28865,28865,WAVE_BILL_ACCRUAL_160,posted
161,2024-01-06,Costco - Bill,,199638,199638,199638,WAVE_BILL_ACCRUAL_161,posted
162,2024-01-06,Pharmasave - Bill,,3842,3842,3842,WAVE_BILL_ACCRUAL_162,posted
163,2024-01-07,Atlantic Superstore - Bill,,6375,6375,6375,WAVE_BILL_ACCRUAL_163,posted
164,2024-01-08,GFS - Bill 9005873404,9005873404,97709,97709,97709,WAVE_BILL_ACCRUAL_164,posted
165,2024-01-09,Curly's Sports and Supplements - Bill 2220169,2220169,27600,27600,27600,WAVE_BILL_ACCRUAL_165,posted
166,2024-01-14,GFS - Bill 9005546522,9005546522,40000,40000,40000,WAVE_BILL_ACCRUAL_166,posted
167,2024-01-14,Pharmasave - Bill,,738,738,738,WAVE_BILL_ACCRUAL_167,posted
168,2024-01-16,Amazon - Bill,,3999,3999,3999,WAVE_BILL_ACCRUAL_168,posted
169,2024-01-16,Amazon - Bill,,8497,8497,8497,WAVE_BILL_ACCRUAL_169,posted
170,2024-01-18,Walmart - Bill,,4823,4823,4823,WAVE_BILL_ACCRUAL_170,posted
171,2024-01-18,GFS - Bill 9006132497,9006132497,60156,60156,60156,WAVE_BILL_ACCRUAL_171,posted
172,2024-01-19,Costco - Bill 22134500602282401191441,22134500602282401191441,152197,152197,152197,WAVE_BILL_ACCRUAL_172,posted
173,2024-01-20,Pharmasave - Bill,,5449,5449,5449,WAVE_BILL_ACCRUAL_173,posted
174,2024-01-20,Pharmasave - Bill,,738,738,738,WAVE_BILL_ACCRUAL_174,posted
175,2024-01-20,Pharmasave - Bill,,2892,2892,2892,WAVE_BILL_ACCRUAL_175,posted
176,2024-01-22,Capital Foods - Bill 2542814,2542814,93890,93890,93890,WAVE_BILL_ACCRUAL_176,posted
744,2024-01-22,BFL Insurance - Bill 2024,BFL-2024,185100,185100,185100,WAVE_BILL_ACCRUAL_744,posted
177,2024-01-23,Dollarama - Bill,,1179,1179,1179,WAVE_BILL_ACCRUAL_177,posted
178,2024-01-24,Digital Inspiration - Bill,,14038,14038,14038,WAVE_BILL_ACCRUAL_178,posted
179,2024-01-24,Costco - Bill,,148980,148980,148980,WAVE_BILL_ACCRUAL_179,posted
180,2024-01-25,Pharmasave - Bill,,1107,1107,1107,WAVE_BILL_ACCRUAL_180,posted
181,2024-01-25,Pharmasave - Bill,,2588,2588,2588,WAVE_BILL_ACCRUAL_181,posted
182,2024-01-25,GFS - Bill 9006298062,9006298062,87739,87739,87739,WAVE_BILL_ACCRUAL_182,posted
770,2024-01-25,GFS,9006305521,9718,9718,9718,WAVE_BILL_ACCRUAL_770,posted
771,2024-01-26,GFS,9006340884,41676,41676,41676,WAVE_BILL_ACCRUAL_771,posted
183,2024-01-27,My Commerce - Bill,,6780,6780,6780,WAVE_BILL_ACCRUAL_183,posted
184,2024-01-27,Circle K - Bill,,3013,3013,3013,WAVE_BILL_ACCRUAL_184,posted
185,2024-01-27,Bimbo Canada - Bill,,8384,8384,8384,WAVE_BILL_ACCRUAL_185,posted
186,2024-01-27,Atlantic Superstore - Bill,,5352,5352,5352,WAVE_BILL_ACCRUAL_186,posted
769,2024-01-29,Facebook Marketplace - Hot Water Heater,FB-HOTWATER-HEATER-20240129,4000,4000,4000,WAVE_BILL_ACCRUAL_769,posted
187,2024-01-31,Town of Amherst - Bill January Rent,,86250,86250,86250,WAVE_BILL_ACCRUAL_187,posted
188,2024-02-01,GFS - Bill 9006467889,9006467889,93305,93305,93305,WAVE_BILL_ACCRUAL_188,posted
189,2024-02-01,Costco - Bill,,187393,187393,187393,WAVE_BILL_ACCRUAL_189,posted
190,2024-02-01,Esso - Bill,,4001,4001,4001,WAVE_BILL_ACCRUAL_190,posted
191,2024-02-01,Town of Amherst - Bill FEbruary REnt,,86250,86250,86250,WAVE_BILL_ACCRUAL_191,posted
192,2024-02-03,Pharmasave - Bill,,8203,8203,8203,WAVE_BILL_ACCRUAL_192,posted
193,2024-02-07,GFS - Bill 9006623852,9006623852,46712,46712,46712,WAVE_BILL_ACCRUAL_193,posted
194,2024-02-07,Dollarama - Bill,,20593,20593,20593,WAVE_BILL_ACCRUAL_194,posted
195,2024-02-07,GFS - Bill,,20000,20000,20000,WAVE_BILL_ACCRUAL_195,posted
196,2024-02-08,Canadian Tire Gas - Bill,,5743,5743,5743,WAVE_BILL_ACCRUAL_196,posted
197,2024-02-09,Atlantic Superstore - Bill,,24971,24971,24971,WAVE_BILL_ACCRUAL_197,posted
198,2024-02-09,GFS - Bill 9006683806,9006683806,10343,10343,10343,WAVE_BILL_ACCRUAL_198,posted
199,2024-02-10,Pharmasave - Bill,,4140,4140,4140,WAVE_BILL_ACCRUAL_199,posted
200,2024-02-10,Atlantic Superstore - Bill,,3619,3619,3619,WAVE_BILL_ACCRUAL_200,posted
201,2024-02-11,Gov't of Nova Scotia - Bill TR1111807,,6105,6105,6105,WAVE_BILL_ACCRUAL_201,posted
202,2024-02-11,Pharmasave - Bill,,1300,1300,1300,WAVE_BILL_ACCRUAL_202,posted
203,2024-02-11,Walmart - Bill,,1147,1147,1147,WAVE_BILL_ACCRUAL_203,posted
204,2024-02-12,GFS - Bill 9006727793,9006727793,107190,107190,107190,WAVE_BILL_ACCRUAL_204,posted
205,2024-02-14,Circle K - Bill,,13335,13335,13335,WAVE_BILL_ACCRUAL_205,posted
206,2024-02-15,Wholesale Club - Bill,,96143,96143,96143,WAVE_BILL_ACCRUAL_206,posted
207,2024-02-15,Jeff Bembridge - Bill,,2000,2000,2000,WAVE_BILL_ACCRUAL_207,posted
208,2024-02-15,IFoodEquipment - Bill,,10554,10554,10554,WAVE_BILL_ACCRUAL_208,posted
209,2024-02-15,Cafe Archibald - Bill,,5292,5292,5292,WAVE_BILL_ACCRUAL_209,posted
210,2024-02-15,Costco - Bill,,224931,224931,224931,WAVE_BILL_ACCRUAL_210,posted
211,2024-02-16,Atlantic Superstore - Bill,,5996,5996,5996,WAVE_BILL_ACCRUAL_211,posted
212,2024-02-16,Pharmasave - Bill,,2370,2370,2370,WAVE_BILL_ACCRUAL_212,posted
213,2024-02-17,Pharmasave - Bill,,16663,16663,16663,WAVE_BILL_ACCRUAL_213,posted
214,2024-02-17,Dollarama - Bill,,36076,36076,36076,WAVE_BILL_ACCRUAL_214,posted
215,2024-02-17,Pharmasave - Bill,,5061,5061,5061,WAVE_BILL_ACCRUAL_215,posted
216,2024-02-18,GFS - Bill 9006903744,9006903744,135781,135781,135781,WAVE_BILL_ACCRUAL_216,posted
217,2024-02-18,Christmas Discounters - Bill,,11982,11982,11982,WAVE_BILL_ACCRUAL_217,posted
218,2024-02-18,Atlantic Superstore - Bill,,38101,38101,38101,WAVE_BILL_ACCRUAL_218,posted
219,2024-02-19,Pharmasave - Bill,,5130,5130,5130,WAVE_BILL_ACCRUAL_219,posted
220,2024-02-19,GFS - Bill 9006903547,9006903547,21588,21588,21588,WAVE_BILL_ACCRUAL_220,posted
221,2024-02-20,Electric Kitty - Bill,,110000,110000,110000,WAVE_BILL_ACCRUAL_221,posted
222,2024-02-22,GFS - Bill 9007010687,9007010687,35019,35019,35019,WAVE_BILL_ACCRUAL_222,posted
223,2024-02-22,Curly's Sports and Supplements - Bill 2365969,2365969,22942,22942,22942,WAVE_BILL_ACCRUAL_223,posted
754,2024-02-22,John Manley - Plastic Forks,MANLEY-FORKS,2069,2069,2069,WAVE_BILL_ACCRUAL_754,posted
224,2024-02-23,GFS - Bill 9007044619,9007044619,5949,5949,5949,WAVE_BILL_ACCRUAL_224,posted
225,2024-02-24,Shell Gas - Bill,,13576,13576,13576,WAVE_BILL_ACCRUAL_225,posted
226,2024-02-24,Atlantic Superstore - Bill,,9897,9897,9897,WAVE_BILL_ACCRUAL_226,posted
227,2024-02-24,Pharmasave - Bill,,4796,4796,4796,WAVE_BILL_ACCRUAL_227,posted
228,2024-02-24,Christmas Discounters - Bill,,2995,2995,2995,WAVE_BILL_ACCRUAL_228,posted
229,2024-02-25,Christmas Discounters - Bill,,5988,5988,5988,WAVE_BILL_ACCRUAL_229,posted
230,2024-02-26,Ali Express - Bill,,5116,5116,5116,WAVE_BILL_ACCRUAL_230,posted
755,2024-02-26,Capital Foods - Bill 2548372,2548372,89436,89436,89436,WAVE_BILL_ACCRUAL_755,posted
231,2024-02-27,Costco - Bill,,166598,166598,166598,WAVE_BILL_ACCRUAL_231,posted
232,2024-02-27,We Like Work - Bill,,30750,30750,30750,WAVE_BILL_ACCRUAL_232,posted
759,2024-02-29,Pepsico - Bill (AUTO PAD BT1211),PEPSI-PAD-BT1211,158167,158167,158167,WAVE_BILL_ACCRUAL_759,posted
233,2024-03-01,GFS - Bill 9007262291,9007262291,84378,84378,84378,WAVE_BILL_ACCRUAL_233,posted
234,2024-03-01,Pharmasave - Bill,,4352,4352,4352,WAVE_BILL_ACCRUAL_234,posted
235,2024-03-01,Town of Amherst - Bill March Rent,,86250,86250,86250,WAVE_BILL_ACCRUAL_235,posted
236,2024-03-02,Pharmasave - Bill,,1207,1207,1207,WAVE_BILL_ACCRUAL_236,posted
237,2024-03-03,Costco - Bill,,80499,80499,80499,WAVE_BILL_ACCRUAL_237,posted
238,2024-03-04,Pharmasave - Bill,,2130,2130,2130,WAVE_BILL_ACCRUAL_238,posted
239,2024-03-05,Capital Foods - Bill 2549756,2549756,26913,26913,26913,WAVE_BILL_ACCRUAL_239,posted
240,2024-03-05,Costco - Bill,,29889,29889,29889,WAVE_BILL_ACCRUAL_240,posted
241,2024-03-05,Shell Gas - Bill,,8954,8954,8954,WAVE_BILL_ACCRUAL_241,posted
242,2024-03-05,Costco - Bill,,123876,123876,123876,WAVE_BILL_ACCRUAL_242,posted
712,2024-03-06,Costco - Receipt,COSTCO-RECEIPT-20240306,15072,15072,15072,WAVE_BILL_ACCRUAL_712,posted
243,2024-03-07,GFS - Bill 9007456012,9007456012,87930,87930,87930,WAVE_BILL_ACCRUAL_243,posted
244,2024-03-07,Dollarama - Bill,,80755,80755,80755,WAVE_BILL_ACCRUAL_244,posted
245,2024-03-08,GFS - Bill 9007510570,9007510570,5057,5057,5057,WAVE_BILL_ACCRUAL_245,posted
246,2024-03-08,Pharmasave - Bill,,3194,3194,3194,WAVE_BILL_ACCRUAL_246,posted
247,2024-03-09,Pharmasave - Bill,,5573,5573,5573,WAVE_BILL_ACCRUAL_247,posted
248,2024-03-09,Pharmasave - Bill,,2194,2194,2194,WAVE_BILL_ACCRUAL_248,posted
249,2024-03-11,GFS - Bill 9007568865,9007568865,62355,62355,62355,WAVE_BILL_ACCRUAL_249,posted
250,2024-03-12,Curly's Sports and Supplements - Bill 2423469,2423469,36432,36432,36432,WAVE_BILL_ACCRUAL_250,posted
251,2024-03-12,Curly's Sports and Supplements - Bill 2437469,2437469,22770,22770,22770,WAVE_BILL_ACCRUAL_251,posted
252,2024-03-12,Curly's Sports and Supplements - Bill 2425069,2425069,17250,17250,17250,WAVE_BILL_ACCRUAL_252,posted
253,2024-03-13,GFS - Bill 9007669356,9007669356,64561,64561,64561,WAVE_BILL_ACCRUAL_253,posted
254,2024-03-13,GFS - Bill 9007713769,9007713769,28028,28028,28028,WAVE_BILL_ACCRUAL_254,posted
255,2024-03-13,Costco - Bill,,161259,161259,161259,WAVE_BILL_ACCRUAL_255,posted
256,2024-03-13,Costco - Bill,,63249,63249,63249,WAVE_BILL_ACCRUAL_256,posted
257,2024-03-13,Shell Gas - Bill,,13550,13550,13550,WAVE_BILL_ACCRUAL_257,posted
258,2024-03-13,Capital Foods - Bill 2550997,2550997,54052,54052,54052,WAVE_BILL_ACCRUAL_258,posted
259,2024-03-14,Webstaurant Store - Bill 95629480,95629480,8086,8086,8086,WAVE_BILL_ACCRUAL_259,posted
260,2024-03-14,Home Hardware - Spring Street - Bill,,4595,4595,4595,WAVE_BILL_ACCRUAL_260,posted
261,2024-03-15,Pharmasave - Bill,,13328,13328,13328,WAVE_BILL_ACCRUAL_261,posted
262,2024-03-15,Walmart - Bill,,18239,18239,18239,WAVE_BILL_ACCRUAL_262,posted
263,2024-03-15,GFS - Bill 9007763983,9007763983,34728,34728,34728,WAVE_BILL_ACCRUAL_263,posted
264,2024-03-16,Pharmasave - Bill,,4383,4383,4383,WAVE_BILL_ACCRUAL_264,posted
265,2024-03-16,Atlantic Superstore - Bill,,22743,22743,22743,WAVE_BILL_ACCRUAL_265,posted
266,2024-03-20,GFS - Bill 9007911798,9007911798,79112,79112,79112,WAVE_BILL_ACCRUAL_266,posted
267,2024-03-20,Pharmasave - Bill,,5421,5421,5421,WAVE_BILL_ACCRUAL_267,posted
268,2024-03-21,Costco - Bill,,132574,132574,132574,WAVE_BILL_ACCRUAL_268,posted
269,2024-03-21,UPS - Bill,,3146,3146,3146,WAVE_BILL_ACCRUAL_269,posted
270,2024-03-22,Pharmasave - Bill,,4118,4118,4118,WAVE_BILL_ACCRUAL_270,posted
772,2024-03-22,GFS,9007987106,78565,78565,78565,WAVE_BILL_ACCRUAL_772,posted
773,2024-03-22,GFS,9008002839,25877,25877,25877,WAVE_BILL_ACCRUAL_773,posted
271,2024-03-24,Atlantic Superstore - Bill,,23656,23656,23656,WAVE_BILL_ACCRUAL_271,posted
272,2024-03-25,Walmart - Bill,,14362,14362,14362,WAVE_BILL_ACCRUAL_272,posted
273,2024-03-25,Circle K - Bill,,13475,13475,13475,WAVE_BILL_ACCRUAL_273,posted
774,2024-03-26,GFS,2001077791,-5057,-5057,-5057,WAVE_BILL_ACCRUAL_774,posted
274,2024-03-28,GFS - Bill 9008171261,9008171261,126391,126391,126391,WAVE_BILL_ACCRUAL_274,posted
738,2024-03-28,CIBC - Cash Deposit Fee,DEPOSIT-FEE-003,58,58,58,WAVE_BILL_ACCRUAL_738,posted
275,2024-03-31,CIBC - Bill,,19500,19500,19500,WAVE_BILL_ACCRUAL_275,posted
760,2024-03-31,Pepsico - Bill (AUTO PAD BT1143),PEPSI-PAD-BT1143,123185,123185,123185,WAVE_BILL_ACCRUAL_760,posted
276,2024-04-01,Town of Amherst - Bill april rent,,40250,40250,40250,WAVE_BILL_ACCRUAL_276,posted
277,2024-04-02,Markis Bus Tours - Bill,,131100,131100,131100,WAVE_BILL_ACCRUAL_277,posted
278,2024-04-02,Capital Foods - Bill 2554160,2554160,80612,80612,80612,WAVE_BILL_ACCRUAL_278,posted
279,2024-04-03,Costco - Bill,,125173,125173,125173,WAVE_BILL_ACCRUAL_279,posted
280,2024-04-03,Costco - Bill,,81189,81189,81189,WAVE_BILL_ACCRUAL_280,posted
281,2024-04-03,Circle K - Bill,,11141,11141,11141,WAVE_BILL_ACCRUAL_281,posted
282,2024-04-04,Walmart - Bill,,10735,10735,10735,WAVE_BILL_ACCRUAL_282,posted
283,2024-04-04,Atlantic Superstore - Bill,,1995,1995,1995,WAVE_BILL_ACCRUAL_283,posted
284,2024-04-04,Pharmasave - Bill,,5013,5013,5013,WAVE_BILL_ACCRUAL_284,posted
285,2024-04-04,Walmart - Bill,,20378,20378,20378,WAVE_BILL_ACCRUAL_285,posted
286,2024-04-08,GFS - Bill 9008498481,9008498481,119253,119253,119253,WAVE_BILL_ACCRUAL_286,posted
287,2024-04-08,Pharmasave - Bill,,1446,1446,1446,WAVE_BILL_ACCRUAL_287,posted
288,2024-04-08,Atlantic Superstore - Bill,,16862,16862,16862,WAVE_BILL_ACCRUAL_288,posted
289,2024-04-10,Costco - Bill,,66747,66747,66747,WAVE_BILL_ACCRUAL_289,posted
290,2024-04-10,Costco - Bill,,2743,2743,2743,WAVE_BILL_ACCRUAL_290,posted
291,2024-04-11,GFS - Bill 9008642890,9008642890,95899,95899,95899,WAVE_BILL_ACCRUAL_291,posted
292,2024-04-12,Christmas Discounters - Bill,,9492,9492,9492,WAVE_BILL_ACCRUAL_292,posted
293,2024-04-12,Pharmasave - Bill,,3515,3515,3515,WAVE_BILL_ACCRUAL_293,posted
294,2024-04-13,Atlantic Superstore - Bill,,15260,15260,15260,WAVE_BILL_ACCRUAL_294,posted
295,2024-04-13,Home Hardware - Spring Street - Bill,,2988,2988,2988,WAVE_BILL_ACCRUAL_295,posted
296,2024-04-14,Shell Gas - Bill,,12349,12349,12349,WAVE_BILL_ACCRUAL_296,posted
297,2024-04-19,GFS - Bill 9008934047,9008934047,28563,28563,28563,WAVE_BILL_ACCRUAL_297,posted
298,2024-04-20,Home Hardware - Spring Street - Bill,,6549,6549,6549,WAVE_BILL_ACCRUAL_298,posted
299,2024-04-20,Pharmasave - Bill,,2892,2892,2892,WAVE_BILL_ACCRUAL_299,posted
300,2024-04-21,Canadian Tire - Bill,,4137,4137,4137,WAVE_BILL_ACCRUAL_300,posted
301,2024-04-22,Curly's Sports and Supplements - Bill 2576869,2576869,48496,48496,48496,WAVE_BILL_ACCRUAL_301,posted
302,2024-04-23,Gov't of Nova Scotia - Bill,,22259,22259,22259,WAVE_BILL_ACCRUAL_302,posted
727,2024-04-23,Facebook Marketplace - Merchandising,FB-MERCH-001,3000,3000,3000,WAVE_BILL_ACCRUAL_727,posted
303,2024-04-24,Atlantic Superstore - Bill,,23121,23121,23121,WAVE_BILL_ACCRUAL_303,posted
761,2024-04-30,Pepsico - Bill (AUTO PAD BT1106),PEPSI-PAD-BT1106,58390,58390,58390,WAVE_BILL_ACCRUAL_761,posted
304,2024-05-03,GFS - Bill 9009517084,9009517084,38089,38089,38089,WAVE_BILL_ACCRUAL_304,posted
305,2024-05-03,GFS - Bill 9009454598,9009454598,38089,38089,38089,WAVE_BILL_ACCRUAL_305,posted
306,2024-05-03,Pharmasave - Bill,,6328,6328,6328,WAVE_BILL_ACCRUAL_306,posted
307,2024-05-03,Atlantic Superstore - Bill,,20989,20989,20989,WAVE_BILL_ACCRUAL_307,posted
308,2024-05-04,Pharmasave - Bill,,1990,1990,1990,WAVE_BILL_ACCRUAL_308,posted
309,2024-05-06,Canadian Tire - Bill,,2008,2008,2008,WAVE_BILL_ACCRUAL_309,posted
310,2024-05-07,Atlantic Superstore - Bill,,6284,6284,6284,WAVE_BILL_ACCRUAL_310,posted
311,2024-05-08,Costco - Bill,,85830,85830,85830,WAVE_BILL_ACCRUAL_311,posted
312,2024-05-08,Capital Foods - Bill 2560110,2560110,17995,17995,17995,WAVE_BILL_ACCRUAL_312,posted
313,2024-05-09,GFS - Bill 9009641376,9009641376,89103,89103,89103,WAVE_BILL_ACCRUAL_313,posted
314,2024-05-13,Bridge Workshop - Bill,,1000,1000,1000,WAVE_BILL_ACCRUAL_314,posted
315,2024-05-16,Pharmasave - Bill,,7111,7111,7111,WAVE_BILL_ACCRUAL_315,posted
316,2024-05-26,Pharmasave - Bill,,2964,2964,2964,WAVE_BILL_ACCRUAL_316,posted
778,2024-05-29,GFS,2001292173,-38089,-38089,-38089,WAVE_BILL_ACCRUAL_778,posted
318,2024-05-31,Pharmasave - Bill,,3481,3481,3481,WAVE_BILL_ACCRUAL_318,posted
319,2024-05-31,Atlantic Superstore - Bill,,21352,21352,21352,WAVE_BILL_ACCRUAL_319,posted
320,2024-06-06,GFS - Bill 9010616469,9010616469,5020,5020,5020,WAVE_BILL_ACCRUAL_320,posted
321,2024-06-10,Relay for Life - Bill,,11000,11000,11000,WAVE_BILL_ACCRUAL_321,posted
322,2024-06-27,Sysco - Bill,,15554,15554,15554,WAVE_BILL_ACCRUAL_322,posted
323,2024-06-30,Town of Amherst - Bill Juen May Rent,,80500,80500,80500,WAVE_BILL_ACCRUAL_323,posted
324,2024-07-01,Town of Amherst - Bill July/August Rent,,80500,80500,80500,WAVE_BILL_ACCRUAL_324,posted
325,2024-07-10,Pharmasave - Bill,,2978,2978,2978,WAVE_BILL_ACCRUAL_325,posted
326,2024-07-30,GFS - Bill 9012388498,9012388498,19282,19282,19282,WAVE_BILL_ACCRUAL_326,posted
327,2024-07-30,GFS - Bill 9012419964,9012419964,4383,4383,4383,WAVE_BILL_ACCRUAL_327,posted
328,2024-08-02,Sam's Club - Bill,,10069,10069,10069,WAVE_BILL_ACCRUAL_328,posted
329,2024-08-03,Pharmasave - Bill,,1401,1401,1401,WAVE_BILL_ACCRUAL_329,posted
330,2024-08-07,GFS - Bill 9012713784,9012713784,12312,12312,12312,WAVE_BILL_ACCRUAL_330,posted
331,2024-08-08,Christmas Discounters - Bill,,13555,13555,13555,WAVE_BILL_ACCRUAL_331,posted
758,2024-08-08,The Elm Tree - Straws,ELMTREE-STRAWS,1856,1856,1856,WAVE_BILL_ACCRUAL_758,posted
332,2024-08-13,Canadian Tire - Bill,,9538,9538,9538,WAVE_BILL_ACCRUAL_332,posted
333,2024-08-18,Costco - Bill,,118554,118554,118554,WAVE_BILL_ACCRUAL_333,posted
334,2024-08-19,Amazon - Bill,,23789,23789,23789,WAVE_BILL_ACCRUAL_334,posted
335,2024-08-19,Amazon - Bill,,10178,10178,10178,WAVE_BILL_ACCRUAL_335,posted
336,2024-08-19,Temu - Bill,,2529,2529,2529,WAVE_BILL_ACCRUAL_336,posted
337,2024-08-21,Canadian Tire - Bill,,4053,4053,4053,WAVE_BILL_ACCRUAL_337,posted
338,2024-08-24,Temu - Bill,,1493,1493,1493,WAVE_BILL_ACCRUAL_338,posted
339,2024-08-27,Capital Foods - Bill 2580163,2580163,40802,40802,40802,WAVE_BILL_ACCRUAL_339,posted
340,2024-08-28,Costco - Bill,,139042,139042,139042,WAVE_BILL_ACCRUAL_340,posted
341,2024-08-28,Shell Gas - Bill,,9474,9474,9474,WAVE_BILL_ACCRUAL_341,posted
342,2024-08-30,GFS - Bill 9013501649,9013501649,45207,45207,45207,WAVE_BILL_ACCRUAL_342,posted
343,2024-08-30,Pharmasave - Bill,,10591,10591,10591,WAVE_BILL_ACCRUAL_343,posted
344,2024-08-30,Atlantic Superstore - Bill,,3123,3123,3123,WAVE_BILL_ACCRUAL_344,posted
345,2024-09-01,Town of Amherst - Bill,,88000,88000,88000,WAVE_BILL_ACCRUAL_345,posted
346,2024-09-02,Amazon - Bill,,13054,13054,13054,WAVE_BILL_ACCRUAL_346,posted
347,2024-09-02,Facebook Marketplace - Bill,,11500,11500,11500,WAVE_BILL_ACCRUAL_347,posted
348,2024-09-02,Yodeck - Bill,,23621,23621,23621,WAVE_BILL_ACCRUAL_348,posted
349,2024-09-03,Curly's Sports and Supplements - Bill 30000969,30000969,43056,43056,43056,WAVE_BILL_ACCRUAL_349,posted
350,2024-09-03,Atlantic Superstore - Bill,,33640,33640,33640,WAVE_BILL_ACCRUAL_350,posted
351,2024-09-04,GFS - Bill 9013664381,9013664381,15879,15879,15879,WAVE_BILL_ACCRUAL_351,posted
352,2024-09-05,GFS - Bill 9013663225,9013663225,40280,40280,40280,WAVE_BILL_ACCRUAL_352,posted
353,2024-09-05,Pharmasave - Bill,,8294,8294,8294,WAVE_BILL_ACCRUAL_353,posted
354,2024-09-05,Costco - Bill,,92534,92534,92534,WAVE_BILL_ACCRUAL_354,posted
355,2024-09-06,Canadian Tire - Bill,,2240,2240,2240,WAVE_BILL_ACCRUAL_355,posted
356,2024-09-06,Pharmasave - Bill,,1442,1442,1442,WAVE_BILL_ACCRUAL_356,posted
357,2024-09-07,Atlantic Superstore - Bill,,3845,3845,3845,WAVE_BILL_ACCRUAL_357,posted
358,2024-09-08,GFS - Bill 9013824877,9013824877,13152,13152,13152,WAVE_BILL_ACCRUAL_358,posted
359,2024-09-09,Christmas Discounters - Bill,,6303,6303,6303,WAVE_BILL_ACCRUAL_359,posted
360,2024-09-09,Pharmasave - Bill,,3044,3044,3044,WAVE_BILL_ACCRUAL_360,posted
361,2024-09-09,Christmas Discounters - Bill,,15935,15935,15935,WAVE_BILL_ACCRUAL_361,posted
362,2024-09-09,Shell Gas - Bill,,7178,7178,7178,WAVE_BILL_ACCRUAL_362,posted
363,2024-09-09,GFS - Bill 9013837326,9013837326,61625,61625,61625,WAVE_BILL_ACCRUAL_363,posted
364,2024-09-12,Temu - Bill,,6416,6416,6416,WAVE_BILL_ACCRUAL_364,posted
365,2024-09-12,Dollarama - Bill,,32165,32165,32165,WAVE_BILL_ACCRUAL_365,posted
366,2024-09-13,GFS - Bill 9014036877,9014036877,15764,15764,15764,WAVE_BILL_ACCRUAL_366,posted
367,2024-09-14,Pharmasave - Bill,,2076,2076,2076,WAVE_BILL_ACCRUAL_367,posted
368,2024-09-14,Atlantic Superstore - Bill,,24844,24844,24844,WAVE_BILL_ACCRUAL_368,posted
369,2024-09-16,GFS - Bill 9014096231,9014096231,48132,48132,48132,WAVE_BILL_ACCRUAL_369,posted
370,2024-09-17,Canadian Tire - Bill,,8622,8622,8622,WAVE_BILL_ACCRUAL_370,posted
371,2024-09-17,Walmart - Bill,,21122,21122,21122,WAVE_BILL_ACCRUAL_371,posted
372,2024-09-18,Pharmasave - Bill,,3314,3314,3314,WAVE_BILL_ACCRUAL_372,posted
373,2024-09-18,Costco - Bill,,174220,174220,174220,WAVE_BILL_ACCRUAL_373,posted
374,2024-09-20,Temu - Bill,,2310,2310,2310,WAVE_BILL_ACCRUAL_374,posted
375,2024-09-20,GFS - Bill 9014294880,9014294880,66365,66365,66365,WAVE_BILL_ACCRUAL_375,posted
376,2024-09-20,Dollarama - Bill,,11270,11270,11270,WAVE_BILL_ACCRUAL_376,posted
377,2024-09-20,Canadian Tire - Bill,,37681,37681,37681,WAVE_BILL_ACCRUAL_377,posted
378,2024-09-21,Atlantic Superstore - Bill,,33442,33442,33442,WAVE_BILL_ACCRUAL_378,posted
379,2024-09-21,Pharmasave - Bill,,2932,2932,2932,WAVE_BILL_ACCRUAL_379,posted
380,2024-09-23,Amazon - Bill,,9198,9198,9198,WAVE_BILL_ACCRUAL_380,posted
381,2024-09-23,Webstaurant Store - Bill,,96858,96858,96858,WAVE_BILL_ACCRUAL_381,posted
382,2024-09-23,GFS - Bill 9014383591,9014383591,51940,51940,51940,WAVE_BILL_ACCRUAL_382,posted
383,2024-09-24,GFS - Bill 9014406188,9014406188,9091,9091,9091,WAVE_BILL_ACCRUAL_383,posted
384,2024-09-25,Wholesale Club - Bill,,111445,111445,111445,WAVE_BILL_ACCRUAL_384,posted
385,2024-09-25,Circle K - Bill,,11332,11332,11332,WAVE_BILL_ACCRUAL_385,posted
387,2024-09-25,Costco - Bill,,178197,178197,178197,WAVE_BILL_ACCRUAL_387,posted
388,2024-09-25,Fedex - Bill Duties,,5633,5633,5633,WAVE_BILL_ACCRUAL_388,posted
389,2024-09-25,Temu - Bill,,1159,1159,1159,WAVE_BILL_ACCRUAL_389,posted
390,2024-09-25,Temu - Bill,,3033,3033,3033,WAVE_BILL_ACCRUAL_390,posted
391,2024-09-25,Temu - Bill,,16935,16935,16935,WAVE_BILL_ACCRUAL_391,posted
392,2024-09-26,Capital Foods - Bill 2585446,2585446,129047,129047,129047,WAVE_BILL_ACCRUAL_392,posted
393,2024-09-27,GFS - Bill 9014549646,9014549646,20020,20020,20020,WAVE_BILL_ACCRUAL_393,posted
394,2024-09-28,Dollarama - Bill,,33907,33907,33907,WAVE_BILL_ACCRUAL_394,posted
395,2024-09-29,Atlantic Superstore - Bill,,35522,35522,35522,WAVE_BILL_ACCRUAL_395,posted
396,2024-09-29,Pharmasave - Bill,,6604,6604,6604,WAVE_BILL_ACCRUAL_396,posted
397,2024-09-30,Pharmasave - Bill,,8697,8697,8697,WAVE_BILL_ACCRUAL_397,posted
398,2024-09-30,GFS - Bill 9014609851,9014609851,12084,12084,12084,WAVE_BILL_ACCRUAL_398,posted
399,2024-09-30,GFS - Bill 9014589017,9014589017,90312,90312,90312,WAVE_BILL_ACCRUAL_399,posted
762,2024-09-30,Pepsico - Bill (AUTO PAD BT935),PEPSI-PAD-BT935,77558,77558,77558,WAVE_BILL_ACCRUAL_762,posted
400,2024-10-01,Town of Amherst - Bill,,88000,88000,88000,WAVE_BILL_ACCRUAL_400,posted
401,2024-10-01,IFoodEquipment - Bill,,11897,11897,11897,WAVE_BILL_ACCRUAL_401,posted
402,2024-10-03,GFS - Bill 9014783184,9014783184,28305,28305,28305,WAVE_BILL_ACCRUAL_402,posted
403,2024-10-03,GFS - Bill 9014750800,9014750800,57063,57063,57063,WAVE_BILL_ACCRUAL_403,posted
404,2024-10-03,Temu - Bill,,4286,4286,4286,WAVE_BILL_ACCRUAL_404,posted
405,2024-10-04,Atlantic Superstore - Bill,,27541,27541,27541,WAVE_BILL_ACCRUAL_405,posted
406,2024-10-05,Wholesale Club - Bill,,93233,93233,93233,WAVE_BILL_ACCRUAL_406,posted
407,2024-10-05,Atlantic Superstore - Bill,,1576,1576,1576,WAVE_BILL_ACCRUAL_407,posted
408,2024-10-05,Costco - Bill,,208323,208323,208323,WAVE_BILL_ACCRUAL_408,posted
409,2024-10-05,Pharmasave - Bill,,4550,4550,4550,WAVE_BILL_ACCRUAL_409,posted
410,2024-10-06,Pharmasave - Bill,,15289,15289,15289,WAVE_BILL_ACCRUAL_410,posted
411,2024-10-07,Shell Gas - Bill,,11851,11851,11851,WAVE_BILL_ACCRUAL_411,posted
412,2024-10-09,GFS - Bill 9014962246,9014962246,78939,78939,78939,WAVE_BILL_ACCRUAL_412,posted
413,2024-10-10,Pharmasave - Bill,,4955,4955,4955,WAVE_BILL_ACCRUAL_413,posted
414,2024-10-11,Pharmasave - Bill,,7313,7313,7313,WAVE_BILL_ACCRUAL_414,posted
415,2024-10-11,Atlantic Superstore - Bill,,13041,13041,13041,WAVE_BILL_ACCRUAL_415,posted
416,2024-10-11,Atlantic Superstore - Bill,,53107,53107,53107,WAVE_BILL_ACCRUAL_416,posted
417,2024-10-11,Curly's Sports and Supplements - Bill 3110269,3110269,146280,146280,146280,WAVE_BILL_ACCRUAL_417,posted
418,2024-10-11,GFS - Bill 9015055269,9015055269,46951,46951,46951,WAVE_BILL_ACCRUAL_418,posted
419,2024-10-13,Canadian Tire - Bill,,5689,5689,5689,WAVE_BILL_ACCRUAL_419,posted
420,2024-10-14,GFS - Bill 9015111433,9015111433,96158,96158,96158,WAVE_BILL_ACCRUAL_420,posted
421,2024-10-14,Pharmasave - Bill,,3433,3433,3433,WAVE_BILL_ACCRUAL_421,posted
422,2024-10-15,Sobeys - Bill,,3274,3274,3274,WAVE_BILL_ACCRUAL_422,posted
423,2024-10-16,GFS - Bill 9015204709,9015204709,38552,38552,38552,WAVE_BILL_ACCRUAL_423,posted
424,2024-10-16,Capital Foods - Bill 2588702,2588702,33604,33604,33604,WAVE_BILL_ACCRUAL_424,posted
425,2024-10-16,Costco - Bill,,50456,50456,50456,WAVE_BILL_ACCRUAL_425,posted
426,2024-10-16,Costco - Bill,,186909,186909,186909,WAVE_BILL_ACCRUAL_426,posted
756,2024-10-16,Bridge Workshops - Rags,BRIDGE-RAGS-001,4000,4000,4000,WAVE_BILL_ACCRUAL_756,posted
427,2024-10-18,Atlantic Superstore - Bill,,29471,29471,29471,WAVE_BILL_ACCRUAL_427,posted
428,2024-10-18,Circle K - Bill,,20000,20000,20000,WAVE_BILL_ACCRUAL_428,posted
429,2024-10-18,GFS - Bill 9015302439,9015302439,60957,60957,60957,WAVE_BILL_ACCRUAL_429,posted
430,2024-10-18,Pharmasave - Bill,,5924,5924,5924,WAVE_BILL_ACCRUAL_430,posted
431,2024-10-19,Pharmasave - Bill,,1943,1943,1943,WAVE_BILL_ACCRUAL_431,posted
432,2024-10-20,Atlantic Superstore - Bill,,32288,32288,32288,WAVE_BILL_ACCRUAL_432,posted
433,2024-10-22,Temu - Bill,,4286,4286,4286,WAVE_BILL_ACCRUAL_433,posted
434,2024-10-22,Amazon - Bill,,12649,12649,12649,WAVE_BILL_ACCRUAL_434,posted
435,2024-10-22,Amazon - Bill,,27478,27478,27478,WAVE_BILL_ACCRUAL_435,posted
720,2024-10-22,GFS Cash - Cheese Curds (COGS) #1,STUB-GFS-CASH-COGS-20241022-1,50000,50000,50000,WAVE_BILL_ACCRUAL_720,posted
721,2024-10-22,GFS Cash - Cheese Curds (COGS) #2,STUB-GFS-CASH-COGS-20241022-2,50000,50000,50000,WAVE_BILL_ACCRUAL_721,posted
436,2024-10-23,Costco - Bill,,147283,147283,147283,WAVE_BILL_ACCRUAL_436,posted
437,2024-10-23,Costco - Bill,,132347,132347,132347,WAVE_BILL_ACCRUAL_437,posted
732,2024-10-23,GFS Credit Memo 2001780129,2001780129,-11984,-11984,-11984,WAVE_BILL_ACCRUAL_732,posted
438,2024-10-24,GFS - Bill 9015480379,9015480379,127554,127554,127554,WAVE_BILL_ACCRUAL_438,posted
439,2024-10-24,Walmart - Bill,,1148,1148,1148,WAVE_BILL_ACCRUAL_439,posted
440,2024-10-24,Amazon - Bill,,10590,10590,10590,WAVE_BILL_ACCRUAL_440,posted
441,2024-10-24,Atlantic Superstore - Bill,,7830,7830,7830,WAVE_BILL_ACCRUAL_441,posted
442,2024-10-24,Curly's Sports and Supplements - Bill,,48959,48959,48959,WAVE_BILL_ACCRUAL_442,posted
443,2024-10-24,Pharmasave - Bill,,7338,7338,7338,WAVE_BILL_ACCRUAL_443,posted
742,2024-10-24,Capital Foods - Bill 2590104,2590104,93534,93534,93534,WAVE_BILL_ACCRUAL_742,posted
444,2024-10-25,Canadian Tire - Bill,,9302,9302,9302,WAVE_BILL_ACCRUAL_444,posted
445,2024-10-25,Canadian Tire - Bill,,22032,22032,22032,WAVE_BILL_ACCRUAL_445,posted
446,2024-10-25,Pharmasave - Bill,,2200,2200,2200,WAVE_BILL_ACCRUAL_446,posted
447,2024-10-25,GFS - Bill 9015554603,9015554603,69073,69073,69073,WAVE_BILL_ACCRUAL_447,posted
448,2024-10-26,Pharmasave - Bill,,6419,6419,6419,WAVE_BILL_ACCRUAL_448,posted
449,2024-10-28,Pharmasave - Bill,,8318,8318,8318,WAVE_BILL_ACCRUAL_449,posted
450,2024-10-28,Curly's Sports and Supplements - Bill,,54393,54393,54393,WAVE_BILL_ACCRUAL_450,posted
451,2024-10-28,Costco - Bill,,47932,47932,47932,WAVE_BILL_ACCRUAL_451,posted
757,2024-10-29,Bridge Workshops - Rags,BRIDGE-RAGS-002,2000,2000,2000,WAVE_BILL_ACCRUAL_757,posted
452,2024-10-30,Christmas Discounters - Bill,,5657,5657,5657,WAVE_BILL_ACCRUAL_452,posted
453,2024-10-30,Shell Gas - Bill,,12338,12338,12338,WAVE_BILL_ACCRUAL_453,posted
454,2024-10-30,Costco - Bill,,167289,167289,167289,WAVE_BILL_ACCRUAL_454,posted
739,2024-10-31,CIBC - Cash Deposit Fee,DEPOSIT-FEE-004,2513,2513,2513,WAVE_BILL_ACCRUAL_739,posted
763,2024-10-31,Pepsico - Bill (AUTO PAD BT816),PEPSI-PAD-BT816,208215,208215,208215,WAVE_BILL_ACCRUAL_763,posted
455,2024-11-01,Town of Amherst - Bill,,88000,88000,88000,WAVE_BILL_ACCRUAL_455,posted
456,2024-11-01,Atlantic Superstore - Bill,,3223,3223,3223,WAVE_BILL_ACCRUAL_456,posted
457,2024-11-01,Pharmasave - Bill,,4625,4625,4625,WAVE_BILL_ACCRUAL_457,posted
458,2024-11-01,Atlantic Superstore - Bill,,62763,62763,62763,WAVE_BILL_ACCRUAL_458,posted
459,2024-11-01,GFS - Bill 9015806844,9015806844,6911,6911,6911,WAVE_BILL_ACCRUAL_459,posted
460,2024-11-01,GFS - Bill 9015806407,9015806407,85783,85783,85783,WAVE_BILL_ACCRUAL_460,posted
461,2024-11-02,Pharmasave - Bill,,1198,1198,1198,WAVE_BILL_ACCRUAL_461,posted
463,2024-11-07,Capital Foods - Bill 2592351,2592351,191217,191217,191217,WAVE_BILL_ACCRUAL_463,posted
464,2024-11-07,Christmas Discounters - Bill,,6203,6203,6203,WAVE_BILL_ACCRUAL_464,posted
465,2024-11-07,GFS - Bill 9015983805,9015983805,137572,137572,137572,WAVE_BILL_ACCRUAL_465,posted
466,2024-11-08,Atlantic Superstore - Bill,,57059,57059,57059,WAVE_BILL_ACCRUAL_466,posted
467,2024-11-09,Running Man Grocery - Bill,,3399,3399,3399,WAVE_BILL_ACCRUAL_467,posted
468,2024-11-09,Pharmasave - Bill,,10112,10112,10112,WAVE_BILL_ACCRUAL_468,posted
469,2024-11-09,Atlantic Superstore - Bill,,27908,27908,27908,WAVE_BILL_ACCRUAL_469,posted
470,2024-11-10,Canadian Tire - Bill,,10626,10626,10626,WAVE_BILL_ACCRUAL_470,posted
471,2024-11-11,GFS - Bill 9016122014,9016122014,6397,6397,6397,WAVE_BILL_ACCRUAL_471,posted
472,2024-11-11,GFS - Bill 9016098857,9016098857,79374,79374,79374,WAVE_BILL_ACCRUAL_472,posted
713,2024-11-11,Pharmasave - Bill,PHARMASAVE-RECEIPT-20241111,3144,3144,3144,WAVE_BILL_ACCRUAL_713,posted
473,2024-11-12,Shopify - Bill,,55087,55087,55087,WAVE_BILL_ACCRUAL_473,posted
474,2024-11-12,Pepsico - Bill 79054353,79054353,76633,76633,76633,WAVE_BILL_ACCRUAL_474,posted
714,2024-11-12,Fuel - Receipt,FUEL-RECEIPT-20241112,3011,3011,3011,WAVE_BILL_ACCRUAL_714,posted
475,2024-11-13,Capital Foods - Bill 2593157,2593157,37978,37978,37978,WAVE_BILL_ACCRUAL_475,posted
476,2024-11-13,Irving - Bill,,10498,10498,10498,WAVE_BILL_ACCRUAL_476,posted
477,2024-11-13,Costco - Bill,,178776,178776,178776,WAVE_BILL_ACCRUAL_477,posted
478,2024-11-13,Wholesale Club - Bill,,109096,109096,109096,WAVE_BILL_ACCRUAL_478,posted
479,2024-11-14,GFS - Bill 9016230977,9016230977,92656,92656,92656,WAVE_BILL_ACCRUAL_479,posted
480,2024-11-15,Freightcom - Bill,,8984,8984,8984,WAVE_BILL_ACCRUAL_480,posted
481,2024-11-16,Pharmasave - Bill,,11773,11773,11773,WAVE_BILL_ACCRUAL_481,posted
482,2024-11-18,Costco - Bill,,25176,25176,25176,WAVE_BILL_ACCRUAL_482,posted
483,2024-11-21,UPS - Bill,,6288,6288,6288,WAVE_BILL_ACCRUAL_483,posted
484,2024-11-21,GFS - Bill 9016490855,9016490855,99331,99331,99331,WAVE_BILL_ACCRUAL_484,posted
485,2024-11-22,GFS - Bill 9016564992,9016564992,20020,20020,20020,WAVE_BILL_ACCRUAL_485,posted
486,2024-11-22,Costco - Bill,,65474,65474,65474,WAVE_BILL_ACCRUAL_486,posted
487,2024-11-22,Walmart - Bill,,1262,1262,1262,WAVE_BILL_ACCRUAL_487,posted
488,2024-11-22,Costco - Bill,,2466,2466,2466,WAVE_BILL_ACCRUAL_488,posted
489,2024-11-22,Esso - Bill,,3002,3002,3002,WAVE_BILL_ACCRUAL_489,posted
490,2024-11-23,Walmart - Bill,,17886,17886,17886,WAVE_BILL_ACCRUAL_490,posted
491,2024-11-23,Pharmasave - Bill,,1678,1678,1678,WAVE_BILL_ACCRUAL_491,posted
492,2024-11-24,Walmart - Bill,,21846,21846,21846,WAVE_BILL_ACCRUAL_492,posted
493,2024-11-24,Dollarama - Bill,,34485,34485,34485,WAVE_BILL_ACCRUAL_493,posted
494,2024-11-24,Sobeys - Bill,,2476,2476,2476,WAVE_BILL_ACCRUAL_494,posted
495,2024-11-24,Costco - Bill,,11695,11695,11695,WAVE_BILL_ACCRUAL_495,posted
734,2024-11-25,Underground Graffix - Stickers,STICKERS-001,2069,2069,2069,WAVE_BILL_ACCRUAL_734,posted
496,2024-11-26,Irving - Bill,,6498,6498,6498,WAVE_BILL_ACCRUAL_496,posted
497,2024-11-28,GFS - Bill 9016753711,9016753711,127504,127504,127504,WAVE_BILL_ACCRUAL_497,posted
498,2024-11-29,Pharmasave - Bill,,4968,4968,4968,WAVE_BILL_ACCRUAL_498,posted
499,2024-11-29,Costco - Bill,,36859,36859,36859,WAVE_BILL_ACCRUAL_499,posted
500,2024-11-29,Atlantic Superstore - Bill,,25812,25812,25812,WAVE_BILL_ACCRUAL_500,posted
501,2024-12-01,Town of Amherst - Bill,,88000,88000,88000,WAVE_BILL_ACCRUAL_501,posted
502,2024-12-01,Amazon - Bill,,4074,4074,4074,WAVE_BILL_ACCRUAL_502,posted
503,2024-12-01,Temu - Bill,,4296,4296,4296,WAVE_BILL_ACCRUAL_503,posted
504,2024-12-01,Temu - Bill,,3889,3889,3889,WAVE_BILL_ACCRUAL_504,posted
505,2024-12-01,Temu - Bill,,8011,8011,8011,WAVE_BILL_ACCRUAL_505,posted
506,2024-12-02,Curly's Sports and Supplements - Bill,,13150,13150,13150,WAVE_BILL_ACCRUAL_506,posted
507,2024-12-03,Curly's Sports and Supplements - Bill,,65205,65205,65205,WAVE_BILL_ACCRUAL_507,posted
508,2024-12-04,Esso - Bill,,6000,6000,6000,WAVE_BILL_ACCRUAL_508,posted
509,2024-12-04,Sysco - Bill,,8065,8065,8065,WAVE_BILL_ACCRUAL_509,posted
510,2024-12-04,Capital Foods - Bill 2596503,2596503,14873,14873,14873,WAVE_BILL_ACCRUAL_510,posted
511,2024-12-04,Atlantic Superstore - Bill,,28348,28348,28348,WAVE_BILL_ACCRUAL_511,posted
512,2024-12-04,Costco - Bill,,81221,81221,81221,WAVE_BILL_ACCRUAL_512,posted
513,2024-12-04,Mobil Gas - Bill,,12034,12034,12034,WAVE_BILL_ACCRUAL_513,posted
514,2024-12-05,Lil' Ems - Bill,,9200,9200,9200,WAVE_BILL_ACCRUAL_514,posted
515,2024-12-05,Pharmasave - Bill,,7579,7579,7579,WAVE_BILL_ACCRUAL_515,posted
516,2024-12-05,Walmart - Bill,,1608,1608,1608,WAVE_BILL_ACCRUAL_516,posted
517,2024-12-05,GFS - Bill 9016950083,9016950083,155471,155471,155471,WAVE_BILL_ACCRUAL_517,posted
518,2024-12-06,GFS - Bill 9017022468,9017022468,53092,53092,53092,WAVE_BILL_ACCRUAL_518,posted
519,2024-12-07,Atlantic Superstore - Bill,,27981,27981,27981,WAVE_BILL_ACCRUAL_519,posted
521,2024-12-09,GFS - Bill 9017091772,9017091772,21962,21962,21962,WAVE_BILL_ACCRUAL_521,posted
522,2024-12-09,Pharmasave - Bill,,3144,3144,3144,WAVE_BILL_ACCRUAL_522,posted
523,2024-12-11,Circle K - Bill,,13287,13287,13287,WAVE_BILL_ACCRUAL_523,posted
524,2024-12-11,Atlantic Superstore - Bill,,68884,68884,68884,WAVE_BILL_ACCRUAL_524,posted
708,2024-12-11,Capital Foods - Credit Memo 2597723,2597723,-4812,-4812,-4812,WAVE_BILL_ACCRUAL_708,posted
525,2024-12-12,Curly's Sports and Supplements - Bill,,18285,18285,18285,WAVE_BILL_ACCRUAL_525,posted
526,2024-12-12,Esso - Bill,,6209,6209,6209,WAVE_BILL_ACCRUAL_526,posted
527,2024-12-12,C.E. Harrison Home Hardware - Bill,,3051,3051,3051,WAVE_BILL_ACCRUAL_527,posted
528,2024-12-12,C.E. Harrison Home Hardware - Bill,,4365,4365,4365,WAVE_BILL_ACCRUAL_528,posted
529,2024-12-13,GFS - Bill 9017258411,9017258411,94431,94431,94431,WAVE_BILL_ACCRUAL_529,posted
530,2024-12-13,Shell Gas - Bill,,7748,7748,7748,WAVE_BILL_ACCRUAL_530,posted
531,2024-12-13,Stacked - Bill,,2124,2124,2124,WAVE_BILL_ACCRUAL_531,posted
532,2024-12-13,Costco - Bill,,215203,215203,215203,WAVE_BILL_ACCRUAL_532,posted
735,2024-12-13,Capital Foods - Bill 2598264,2598264,82006,82006,82006,WAVE_BILL_ACCRUAL_735,posted
533,2024-12-14,Pharmasave - Bill,,8335,8335,8335,WAVE_BILL_ACCRUAL_533,posted
534,2024-12-16,Esso - Bill,,6000,6000,6000,WAVE_BILL_ACCRUAL_534,posted
728,2024-12-16,U9 Dev Hockey - Donation,U9-DONATION-001,20000,20000,20000,WAVE_BILL_ACCRUAL_728,posted
535,2024-12-17,Canadian Tire - Bill,,1724,1724,1724,WAVE_BILL_ACCRUAL_535,posted
536,2024-12-17,Costco - Bill,,33091,33091,33091,WAVE_BILL_ACCRUAL_536,posted
537,2024-12-17,FloHockey - Bill,,23446,23446,23446,WAVE_BILL_ACCRUAL_537,posted
538,2024-12-19,Atlantic Superstore - Bill,,40000,40000,40000,WAVE_BILL_ACCRUAL_538,posted
539,2024-12-19,Capital Foods - Bill 2599082,2599082,162525,162525,162525,WAVE_BILL_ACCRUAL_539,posted
540,2024-12-20,GFS - Bill 9017524422,9017524422,46643,46643,46643,WAVE_BILL_ACCRUAL_540,posted
743,2024-12-20,Bowling Alley - Christmas Party,XMAS-PARTY-2024,23000,23000,23000,WAVE_BILL_ACCRUAL_743,posted
779,2024-12-20,Costco - Bill (Manual),COSTCO-MANUAL-2024-12-20,40000,40000,40000,WAVE_BILL_ACCRUAL_779,posted
542,2024-12-31,CIBC - Bill q234 fees,,58500,58500,58500,WAVE_BILL_ACCRUAL_542,posted
543,2024-12-31,Shopify - Bill,,41283,41283,41283,WAVE_BILL_ACCRUAL_543,posted
545,2024-12-31,Pharmasave - Bill,,6395,6395,6395,WAVE_BILL_ACCRUAL_545,posted
546,2024-12-31,GFS - Bill 9017785533,9017785533,36319,36319,36319,WAVE_BILL_ACCRUAL_546,posted
764,2024-12-31,Pepsico - Bill (AUTO PAD BT643),PEPSI-PAD-BT643,56013,56013,56013,WAVE_BILL_ACCRUAL_764,posted
547,2025-01-01,Town of Amherst - Bill January Rent,,88000,88000,88000,WAVE_BILL_ACCRUAL_547,posted
548,2025-01-03,GFS - Bill 9017847614,9017847614,92546,92546,92546,WAVE_BILL_ACCRUAL_548,posted
549,2025-01-03,Pharmasave - Bill,,5586,5586,5586,WAVE_BILL_ACCRUAL_549,posted
550,2025-01-04,Atlantic Superstore - Bill,,69166,69166,69166,WAVE_BILL_ACCRUAL_550,posted
551,2025-01-04,Walmart - Bill,,4816,4816,4816,WAVE_BILL_ACCRUAL_551,posted
552,2025-01-04,Walmart - Bill,,7684,7684,7684,WAVE_BILL_ACCRUAL_552,posted
553,2025-01-04,Canadian Tire - Bill,,10840,10840,10840,WAVE_BILL_ACCRUAL_553,posted
554,2025-01-06,Circle K - Bill,,4944,4944,4944,WAVE_BILL_ACCRUAL_554,posted
555,2025-01-07,Curly's Sports and Supplements - Bill,,7152,7152,7152,WAVE_BILL_ACCRUAL_555,posted
556,2025-01-09,Sysco - Bill,,15998,15998,15998,WAVE_BILL_ACCRUAL_556,posted
557,2025-01-09,Shell Gas - Bill,,12939,12939,12939,WAVE_BILL_ACCRUAL_557,posted
558,2025-01-09,Costco - Bill,,241547,241547,241547,WAVE_BILL_ACCRUAL_558,posted
559,2025-01-09,Wholesale Club - Bill,,64289,64289,64289,WAVE_BILL_ACCRUAL_559,posted
560,2025-01-09,Capital Foods - Bill 2601740,2601740,18080,18080,18080,WAVE_BILL_ACCRUAL_560,posted
561,2025-01-09,Capital Foods - Bill 2601713,2601713,64871,64871,64871,WAVE_BILL_ACCRUAL_561,posted
562,2025-01-10,GFS - Bill 9018093147,9018093147,114776,114776,114776,WAVE_BILL_ACCRUAL_562,posted
563,2025-01-10,GFS - Bill 9018118048,9018118048,44544,44544,44544,WAVE_BILL_ACCRUAL_563,posted
564,2025-01-11,Pharmasave - Bill,,9008,9008,9008,WAVE_BILL_ACCRUAL_564,posted
565,2025-01-11,Pharmasave - Bill,,3600,3600,3600,WAVE_BILL_ACCRUAL_565,posted
566,2025-01-11,Pharmasave - Bill,,12929,12929,12929,WAVE_BILL_ACCRUAL_566,posted
567,2025-01-12,Dollarama - Bill,,40710,40710,40710,WAVE_BILL_ACCRUAL_567,posted
568,2025-01-12,Atlantic Superstore - Bill,,33747,33747,33747,WAVE_BILL_ACCRUAL_568,posted
569,2025-01-12,Pharmasave - Bill,,1440,1440,1440,WAVE_BILL_ACCRUAL_569,posted
570,2025-01-13,Walmart - Bill,,2921,2921,2921,WAVE_BILL_ACCRUAL_570,posted
571,2025-01-14,Shopify - Bill,,5107,5107,5107,WAVE_BILL_ACCRUAL_571,posted
724,2025-01-15,GFS Cash - Cheese Curds,STUB-GFS-CASH-002,20000,20000,20000,WAVE_BILL_ACCRUAL_724,posted
317,2025-01-16,BFL Insurance - Bill 2025,,195100,195100,195100,WAVE_BILL_ACCRUAL_317,posted
572,2025-01-16,GFS - Bill 9018308927,9018308927,57056,57056,57056,WAVE_BILL_ACCRUAL_572,posted
573,2025-01-17,GFS - Bill 9018338730,9018338730,58861,58861,58861,WAVE_BILL_ACCRUAL_573,posted
574,2025-01-17,GFS - Bill 9018356757,9018356757,14211,14211,14211,WAVE_BILL_ACCRUAL_574,posted
575,2025-01-17,Costco - Bill,,56601,56601,56601,WAVE_BILL_ACCRUAL_575,posted
576,2025-01-17,Pharmasave - Bill,,11811,11811,11811,WAVE_BILL_ACCRUAL_576,posted
577,2025-01-17,Costco - Bill,,12189,12189,12189,WAVE_BILL_ACCRUAL_577,posted
578,2025-01-18,Atlantic Superstore - Bill,,29352,29352,29352,WAVE_BILL_ACCRUAL_578,posted
579,2025-01-18,Canadian Tire - Bill,,7691,7691,7691,WAVE_BILL_ACCRUAL_579,posted
580,2025-01-18,Pharmasave - Bill,,4218,4218,4218,WAVE_BILL_ACCRUAL_580,posted
581,2025-01-18,Dollarama - Bill,,7970,7970,7970,WAVE_BILL_ACCRUAL_581,posted
582,2025-01-18,Walmart - Bill,,2800,2800,2800,WAVE_BILL_ACCRUAL_582,posted
583,2025-01-21,Circle K - Bill,,6959,6959,6959,WAVE_BILL_ACCRUAL_583,posted
584,2025-01-24,GFS - Bill 9018587030,9018587030,69568,69568,69568,WAVE_BILL_ACCRUAL_584,posted
585,2025-01-24,GFS - Bill 9018628162,9018628162,23704,23704,23704,WAVE_BILL_ACCRUAL_585,posted
586,2025-01-24,Amazon - Bill,,3679,3679,3679,WAVE_BILL_ACCRUAL_586,posted
587,2025-01-24,Christmas Discounters - Bill,,22883,22883,22883,WAVE_BILL_ACCRUAL_587,posted
588,2025-01-24,Atlantic Superstore - Bill,,14615,14615,14615,WAVE_BILL_ACCRUAL_588,posted
590,2025-01-25,Sobeys - Bill,,9090,9090,9090,WAVE_BILL_ACCRUAL_590,posted
591,2025-01-25,Atlantic Superstore - Bill,,1640,1640,1640,WAVE_BILL_ACCRUAL_591,posted
592,2025-01-26,Walmart - Bill,,18503,18503,18503,WAVE_BILL_ACCRUAL_592,posted
593,2025-01-28,Shell Gas - Bill,,8550,8550,8550,WAVE_BILL_ACCRUAL_593,posted
594,2025-01-28,Walmart - Bill,,2101,2101,2101,WAVE_BILL_ACCRUAL_594,posted
595,2025-01-31,GFS - Bill 9018826421,9018826421,132273,132273,132273,WAVE_BILL_ACCRUAL_595,posted
740,2025-01-31,CIBC - Cash Deposit Fee,DEPOSIT-FEE-005,886,886,886,WAVE_BILL_ACCRUAL_740,posted
765,2025-01-31,Pepsico - Bill (AUTO PAD BT551),PEPSI-PAD-BT551,156771,156771,156771,WAVE_BILL_ACCRUAL_765,posted
596,2025-02-01,Amazon - Bill,,7222,7222,7222,WAVE_BILL_ACCRUAL_596,posted
597,2025-02-01,Town of Amherst - Bill,,88000,88000,88000,WAVE_BILL_ACCRUAL_597,posted
598,2025-02-02,Canadian Tire - Bill,,3902,3902,3902,WAVE_BILL_ACCRUAL_598,posted
599,2025-02-03,Capital Foods - Bill 2612382,2612382,147206,147206,147206,WAVE_BILL_ACCRUAL_599,posted
731,2025-02-03,CIBC - Bill GPFS Service Charge,CIBC-GPFS-SVC-20250203,200,200,200,WAVE_BILL_ACCRUAL_731,posted
600,2025-02-05,Pharmasave - Bill,,1169,1169,1169,WAVE_BILL_ACCRUAL_600,posted
601,2025-02-05,Pharmasave - Bill,,11904,11904,11904,WAVE_BILL_ACCRUAL_601,posted
602,2025-02-05,Shell Gas - Bill,,7942,7942,7942,WAVE_BILL_ACCRUAL_602,posted
603,2025-02-05,Costco - Bill,,231434,231434,231434,WAVE_BILL_ACCRUAL_603,posted
604,2025-02-06,Atlantic Superstore - Bill,,60167,60167,60167,WAVE_BILL_ACCRUAL_604,posted
605,2025-02-06,GFS - Bill 9019024514,9019024514,24548,24548,24548,WAVE_BILL_ACCRUAL_605,posted
606,2025-02-08,Atlantic Superstore - Bill,,32965,32965,32965,WAVE_BILL_ACCRUAL_606,posted
607,2025-02-08,Giant Tiger - Bill,,15541,15541,15541,WAVE_BILL_ACCRUAL_607,posted
608,2025-02-08,Pharmasave - Bill,,2625,2625,2625,WAVE_BILL_ACCRUAL_608,posted
609,2025-02-11,Esso - Bill,,3000,3000,3000,WAVE_BILL_ACCRUAL_609,posted
610,2025-02-12,Capital Foods - Bill 2603246,2603246,100396,100396,100396,WAVE_BILL_ACCRUAL_610,posted
611,2025-02-12,Esso - Bill,,14652,14652,14652,WAVE_BILL_ACCRUAL_611,posted
612,2025-02-12,Esso - Bill,,7365,7365,7365,WAVE_BILL_ACCRUAL_612,posted
613,2025-02-12,Costco - Bill,,439125,439125,439125,WAVE_BILL_ACCRUAL_613,posted
614,2025-02-12,Atlantic Superstore - Bill,,103368,103368,103368,WAVE_BILL_ACCRUAL_614,posted
615,2025-02-13,Capital Foods - Bill 2607146,2607146,125074,125074,125074,WAVE_BILL_ACCRUAL_615,posted
617,2025-02-13,Shopify - Bill,,5070,5070,5070,WAVE_BILL_ACCRUAL_617,posted
618,2025-02-13,Go-Mart - Bill,,5997,5997,5997,WAVE_BILL_ACCRUAL_618,posted
733,2025-02-13,GFS - Bill 9019250185,9019250185,191538,191538,191538,WAVE_BILL_ACCRUAL_733,posted
619,2025-02-14,GFS - Bill 9019304169,9019304169,20957,20957,20957,WAVE_BILL_ACCRUAL_619,posted
620,2025-02-14,Atlantic Superstore - Bill,,19324,19324,19324,WAVE_BILL_ACCRUAL_620,posted
621,2025-02-15,Atlantic Superstore - Bill,,12986,12986,12986,WAVE_BILL_ACCRUAL_621,posted
726,2025-02-15,GFS Cash - Cheese Curds,STUB-GFS-CASH-004,13000,13000,13000,WAVE_BILL_ACCRUAL_726,posted
622,2025-02-20,Pepsico - Bill,,65007,65007,65007,WAVE_BILL_ACCRUAL_622,posted
623,2025-02-20,Pharmasave - Bill,,4927,4927,4927,WAVE_BILL_ACCRUAL_623,posted
624,2025-02-21,Circle K - Bill,,6300,6300,6300,WAVE_BILL_ACCRUAL_624,posted
625,2025-02-21,GFS - Bill,,88723,88723,88723,WAVE_BILL_ACCRUAL_625,posted
775,2025-02-21,GFS,9019510794,88723,88723,88723,WAVE_BILL_ACCRUAL_775,posted
626,2025-02-22,Atlantic Superstore - Bill,,28200,28200,28200,WAVE_BILL_ACCRUAL_626,posted
628,2025-02-24,Nayax - Bill,,63228,63228,63228,WAVE_BILL_ACCRUAL_628,posted
629,2025-02-25,Costco - Bill,,195820,195820,195820,WAVE_BILL_ACCRUAL_629,posted
630,2025-02-25,UPS - Bill,,2500,2500,2500,WAVE_BILL_ACCRUAL_630,posted
631,2025-02-25,Circle K - Bill,,13089,13089,13089,WAVE_BILL_ACCRUAL_631,posted
632,2025-02-26,Walmart - Bill,,2197,2197,2197,WAVE_BILL_ACCRUAL_632,posted
633,2025-02-26,Pharmasave - Bill,,1561,1561,1561,WAVE_BILL_ACCRUAL_633,posted
634,2025-02-26,Walmart - Bill,,4766,4766,4766,WAVE_BILL_ACCRUAL_634,posted
635,2025-02-27,Curly's Sports and Supplements - Bill,,109518,109518,109518,WAVE_BILL_ACCRUAL_635,posted
636,2025-02-27,GFS - Bill,,64576,64576,64576,WAVE_BILL_ACCRUAL_636,posted
715,2025-02-27,Fuel - Receipt,FUEL-RECEIPT-20250227,5997,5997,5997,WAVE_BILL_ACCRUAL_715,posted
776,2025-02-27,GFS,9019803957,64576,64576,64576,WAVE_BILL_ACCRUAL_776,posted
627,2025-02-28,Bell - Bill,,13268,13268,13268,WAVE_BILL_ACCRUAL_627,posted
637,2025-02-28,Canadian Tire - Bill,,27224,27224,27224,WAVE_BILL_ACCRUAL_637,posted
741,2025-02-28,CIBC - Cash Deposit Fee,DEPOSIT-FEE-006,18,18,18,WAVE_BILL_ACCRUAL_741,posted
638,2025-03-06,Capital Foods - Bill 2610187,2610187,111097,111097,111097,WAVE_BILL_ACCRUAL_638,posted
639,2025-03-06,GFS - Bill 9019984354,9019984354,97193,97193,97193,WAVE_BILL_ACCRUAL_639,posted
640,2025-03-07,Circle K - Bill,,5034,5034,5034,WAVE_BILL_ACCRUAL_640,posted
641,2025-03-07,Pharmasave - Bill,,4495,4495,4495,WAVE_BILL_ACCRUAL_641,posted
642,2025-03-08,Atlantic Superstore - Bill,,30531,30531,30531,WAVE_BILL_ACCRUAL_642,posted
643,2025-03-08,Pharmasave - Bill,,6617,6617,6617,WAVE_BILL_ACCRUAL_643,posted
644,2025-03-08,Christmas Discounters - Bill,,2760,2760,2760,WAVE_BILL_ACCRUAL_644,posted
645,2025-03-08,Value Village - Bill,,2180,2180,2180,WAVE_BILL_ACCRUAL_645,posted
646,2025-03-09,Shell Gas - Bill,,12967,12967,12967,WAVE_BILL_ACCRUAL_646,posted
647,2025-03-09,Costco - Bill,,186991,186991,186991,WAVE_BILL_ACCRUAL_647,posted
648,2025-03-11,Amazon - Bill,,5862,5862,5862,WAVE_BILL_ACCRUAL_648,posted
649,2025-03-11,Amazon - Bill,,19546,19546,19546,WAVE_BILL_ACCRUAL_649,posted
650,2025-03-11,Amazon - Bill,,1954,1954,1954,WAVE_BILL_ACCRUAL_650,posted
651,2025-03-11,Amazon - Bill,,3792,3792,3792,WAVE_BILL_ACCRUAL_651,posted
652,2025-03-14,Pharmasave - Bill,,7145,7145,7145,WAVE_BILL_ACCRUAL_652,posted
653,2025-03-14,Pharmasave - Bill,,8008,8008,8008,WAVE_BILL_ACCRUAL_653,posted
654,2025-03-14,GFS - Bill 9020315231,9020315231,94764,94764,94764,WAVE_BILL_ACCRUAL_654,posted
655,2025-03-15,Shopify - Bill,,5108,5108,5108,WAVE_BILL_ACCRUAL_655,posted
656,2025-03-15,Pharmasave - Bill,,11086,11086,11086,WAVE_BILL_ACCRUAL_656,posted
725,2025-03-15,GFS Cash - Chicken,STUB-GFS-CASH-003,24000,24000,24000,WAVE_BILL_ACCRUAL_725,posted
657,2025-03-17,Canadian Tire - Bill,,12068,12068,12068,WAVE_BILL_ACCRUAL_657,posted
658,2025-03-18,Canadian Tire - Bill,,2068,2068,2068,WAVE_BILL_ACCRUAL_658,posted
659,2025-03-18,C.E. Harrison Home Hardware - Bill,,1264,1264,1264,WAVE_BILL_ACCRUAL_659,posted
660,2025-03-18,Atlantic Superstore - Bill,,139393,139393,139393,WAVE_BILL_ACCRUAL_660,posted
661,2025-03-18,Pepsico - Bill,,111996,111996,111996,WAVE_BILL_ACCRUAL_661,posted
662,2025-03-19,Petro Can - Bill,,20446,20446,20446,WAVE_BILL_ACCRUAL_662,posted
663,2025-03-19,Canadian Tire - Bill,,3449,3449,3449,WAVE_BILL_ACCRUAL_663,posted
664,2025-03-19,Costco - Bill,,253183,253183,253183,WAVE_BILL_ACCRUAL_664,posted
665,2025-03-20,Sobeys - Bill,,11658,11658,11658,WAVE_BILL_ACCRUAL_665,posted
666,2025-03-20,Dollarama - Bill,,68218,68218,68218,WAVE_BILL_ACCRUAL_666,posted
667,2025-03-20,Dollarama - Bill,,16628,16628,16628,WAVE_BILL_ACCRUAL_667,posted
668,2025-03-20,GFS - Bill 9020484316,9020484316,97762,97762,97762,WAVE_BILL_ACCRUAL_668,posted
669,2025-03-21,Pharmasave - Bill,,8180,8180,8180,WAVE_BILL_ACCRUAL_669,posted
670,2025-03-21,Walmart - Bill,,9719,9719,9719,WAVE_BILL_ACCRUAL_670,posted
671,2025-03-21,Pharmasave - Bill,,892,892,892,WAVE_BILL_ACCRUAL_671,posted
672,2025-03-24,GFS - Bill 9020622999,9020622999,87094,87094,87094,WAVE_BILL_ACCRUAL_672,posted
673,2025-03-24,Atlantic Superstore - Bill,,9302,9302,9302,WAVE_BILL_ACCRUAL_673,posted
675,2025-03-24,Pharmasave - Bill,,5952,5952,5952,WAVE_BILL_ACCRUAL_675,posted
674,2025-03-31,Bell - Bill,,13268,13268,13268,WAVE_BILL_ACCRUAL_674,posted
676,2025-03-31,CIBC - Bill Q1 Account Fees,,19500,19500,19500,WAVE_BILL_ACCRUAL_676,posted
677,2025-04-01,Irving - Bill,,5190,5190,5190,WAVE_BILL_ACCRUAL_677,posted
678,2025-04-01,CIBC - Bill,,600,600,600,WAVE_BILL_ACCRUAL_678,posted
679,2025-04-01,Town of Amherst - Bill March Rent,,88000,88000,88000,WAVE_BILL_ACCRUAL_679,posted
680,2025-04-01,Town of Amherst - Bill April Rent,,41635,41635,41635,WAVE_BILL_ACCRUAL_680,posted
681,2025-04-03,Canadian Tire - Bill,,7226,7226,7226,WAVE_BILL_ACCRUAL_681,posted
682,2025-04-08,Irving - Bill,,11351,11351,11351,WAVE_BILL_ACCRUAL_682,posted
683,2025-04-08,Gov't of Nova Scotia - Bill,,6855,6855,6855,WAVE_BILL_ACCRUAL_683,posted
684,2025-04-11,Irving - Bill,,10499,10499,10499,WAVE_BILL_ACCRUAL_684,posted
685,2025-04-14,Shopify - Bill,,4902,4902,4902,WAVE_BILL_ACCRUAL_685,posted
686,2025-04-15,Amazon - Bill,,12194,12194,12194,WAVE_BILL_ACCRUAL_686,posted
687,2025-04-16,Pharmasave - Bill,,1945,1945,1945,WAVE_BILL_ACCRUAL_687,posted
688,2025-04-21,Shell Gas - Bill,,11834,11834,11834,WAVE_BILL_ACCRUAL_688,posted
689,2025-04-22,Canadian Tire - Bill,,33391,33391,33391,WAVE_BILL_ACCRUAL_689,posted
690,2025-04-22,Walmart - Bill,,2783,2783,2783,WAVE_BILL_ACCRUAL_690,posted
692,2025-04-24,Amazon - Bill,,4559,4559,4559,WAVE_BILL_ACCRUAL_692,posted
691,2025-04-30,Bell - Bill,,13153,13153,13153,WAVE_BILL_ACCRUAL_691,posted
693,2025-04-30,Nayax - Bill,,1704,1704,1704,WAVE_BILL_ACCRUAL_693,posted
694,2025-04-30,CIBC - Bill,,6500,6500,6500,WAVE_BILL_ACCRUAL_694,posted
695,2025-04-30,Bell - Late Fee,,386,386,386,WAVE_BILL_ACCRUAL_695,posted
696,2025-05-01,Town of Amherst - Bill,,41635,41635,41635,WAVE_BILL_ACCRUAL_696,posted
697,2025-05-01,CIBC - Bill,,400,400,400,WAVE_BILL_ACCRUAL_697,posted
698,2025-05-05,CIBC - Deluxe Cheque Order,CIBC-CHEQUE-ORDER-20250505,16478,16478,16478,WAVE_BILL_ACCRUAL_698,posted
699,2025-05-14,Pharmasave - Bill,,4574,4574,4574,WAVE_BILL_ACCRUAL_699,posted
700,2025-05-14,Shopify - Bill,,4912,4912,4912,WAVE_BILL_ACCRUAL_700,posted
701,2025-05-16,GFS - Bill 9022611886,9022611886,22714,22714,22714,WAVE_BILL_ACCRUAL_701,posted
702,2025-05-19,Shell Gas - Bill,,10250,10250,10250,WAVE_BILL_ACCRUAL_702,posted
703,2025-05-22,CIBC - Bill,,500,500,500,WAVE_BILL_ACCRUAL_703,posted
704,2025-05-30,GFS - Bill 9023101066,9023101066,16357,16357,16357,WAVE_BILL_ACCRUAL_704,posted
705,2025-05-31,Bell - Bill,,13153,13153,13153,WAVE_BILL_ACCRUAL_705,posted
706,2025-05-31,Nayax - Bill,,1704,1704,1704,WAVE_BILL_ACCRUAL_706,posted
